sku,salesdate,price,unitsordered,sales,cogs,fba,reffee,adspend,profit,comp_1_price,comp_2_price,comp_3_price,comp_4_price,comp_5_price,comp_data_min_price,comp_data_max_price,managed_fba_stock_level,min_price,max_price
File Folders SKU 21,2/16/2022,17.99,2.0,36.0,9.0,13.0,5.0,0.0,9.0,24.44,,,,,24.44,24.44,,14.99,23.99
File Folders SKU 21,2/17/2022,17.99,1.0,18.0,4.0,7.0,3.0,0.0,4.0,24.44,,,,,24.44,24.44,,14.99,23.99
File Folders SKU 21,2/18/2022,17.99,1.0,18.0,4.0,7.0,3.0,0.0,4.0,24.44,,,,,24.44,24.44,,14.99,23.99
File Folders SKU 21,2/20/2022,17.99,1.0,18.0,4.0,7.0,3.0,0.0,4.0,24.44,,,,,24.44,24.44,,14.99,23.99
File Folders SKU 21,2/21/2022,17.99,1.0,18.0,4.0,7.0,3.0,0.0,4.0,24.99,,,,,24.99,24.99,,14.99,23.99
File Folders SKU 21,2/22/2022,17.99,6.0,108.0,27.0,40.0,16.0,0.0,25.0,24.99,,,,,24.99,24.99,,14.99,23.99
File Folders SKU 21,2/23/2022,17.99,3.0,54.0,13.0,20.0,8.0,0.0,13.0,24.99,,,,,24.99,24.99,,14.99,23.99
File Folders SKU 21,2/24/2022,18.29,4.0,73.0,18.0,26.0,11.0,0.0,18.0,24.99,,,,,24.99,24.99,,14.99,23.99
File Folders SKU 21,2/25/2022,17.99,11.0,198.0,49.0,73.0,30.0,0.0,46.0,24.99,,,,,24.99,24.99,,14.99,23.99
File Folders SKU 21,2/26/2022,17.99,5.0,90.0,22.0,33.0,14.0,0.0,21.0,24.99,,,,,24.99,24.99,,14.99,23.99
File Folders SKU 21,2/27/2022,18.49,3.0,55.0,13.0,20.0,8.0,0.0,14.0,24.99,,,,,24.99,24.99,,14.99,23.99
File Folders SKU 21,2/28/2022,17.99,1.0,18.0,4.0,7.0,3.0,0.0,4.0,24.99,,,,,24.99,24.99,,14.99,23.99
File Folders SKU 21,3/1/2022,17.99,4.0,72.0,18.0,26.0,11.0,0.0,17.0,24.99,,,,,24.99,24.99,,14.99,23.99
File Folders SKU 21,3/2/2022,17.99,3.0,54.0,13.0,20.0,8.0,0.0,13.0,24.99,,,,,24.99,24.99,,14.99,23.99
File Folders SKU 21,3/3/2022,17.99,3.0,54.0,13.0,20.0,8.0,0.0,13.0,24.99,,,,,24.99,24.99,,14.99,23.99
File Folders SKU 21,3/4/2022,17.99,1.0,18.0,4.0,7.0,3.0,0.0,4.0,24.99,,,,,24.99,24.99,,14.99,23.99
File Folders SKU 21,3/5/2022,17.99,2.0,36.0,9.0,13.0,5.0,0.0,9.0,24.99,,,,,24.99,24.99,,14.99,23.99
File Folders SKU 21,3/7/2022,17.99,9.0,162.0,40.0,59.0,24.0,0.0,39.0,24.99,,,,,24.99,24.99,,14.99,23.99
File Folders SKU 21,3/8/2022,17.99,16.0,288.0,71.0,106.0,43.0,0.0,68.0,24.99,,,,,24.99,24.99,,14.99,23.99
File Folders SKU 21,3/9/2022,17.99,11.0,198.0,49.0,73.0,30.0,0.0,46.0,24.99,,,,,24.99,24.99,,14.99,23.99
File Folders SKU 21,3/10/2022,17.99,12.0,216.0,53.0,79.0,32.0,8.0,44.0,24.99,,,,,24.99,24.99,,14.99,23.99
File Folders SKU 21,3/11/2022,17.99,9.0,162.0,40.0,59.0,24.0,13.0,26.0,24.99,,,,,24.99,24.99,,14.99,23.99
File Folders SKU 21,3/12/2022,17.99,7.0,126.0,31.0,46.0,19.0,1.0,29.0,24.99,,,,,24.99,24.99,,14.99,23.99
File Folders SKU 21,3/13/2022,17.99,4.0,72.0,18.0,26.0,11.0,2.0,15.0,24.99,,,,,24.99,24.99,,14.99,23.99
File Folders SKU 21,3/14/2022,17.99,4.0,72.0,18.0,26.0,11.0,5.0,12.0,24.98,,,,,24.98,24.98,,14.99,23.99
File Folders SKU 21,3/15/2022,17.99,6.0,108.0,27.0,40.0,16.0,4.0,21.0,24.98,,,,,24.98,24.98,,14.99,23.99
File Folders SKU 21,3/16/2022,17.99,8.0,144.0,36.0,53.0,22.0,5.0,28.0,24.98,,,,,24.98,24.98,,14.99,23.99
File Folders SKU 21,3/17/2022,14.39,5.0,72.0,22.0,33.0,11.0,5.0,1.0,24.98,,,,,24.98,24.98,,14.99,23.99
File Folders SKU 21,3/18/2022,17.99,5.0,90.0,22.0,33.0,14.0,4.0,17.0,24.98,,,,,24.98,24.98,,14.99,23.99
File Folders SKU 21,3/19/2022,17.99,1.0,18.0,4.0,7.0,3.0,2.0,2.0,24.98,,,,,24.98,24.98,,14.99,23.99
File Folders SKU 21,3/20/2022,21.59,5.0,108.0,22.0,33.0,16.0,4.0,33.0,24.98,,,,,24.98,24.98,,14.99,23.99
File Folders SKU 21,3/21/2022,16.79,15.0,252.0,67.0,99.0,38.0,5.0,43.0,24.4,,,,,24.4,24.4,,14.99,23.99
File Folders SKU 21,3/22/2022,17.99,10.0,180.0,44.0,66.0,27.0,9.0,34.0,24.4,,,,,24.4,24.4,,14.99,23.99
File Folders SKU 21,3/23/2022,17.99,9.0,162.0,40.0,59.0,24.0,6.0,33.0,24.4,,,,,24.4,24.4,,14.99,23.99
File Folders SKU 21,3/24/2022,17.99,7.0,126.0,31.0,46.0,19.0,9.0,21.0,24.4,,,,,24.4,24.4,,14.99,23.99
File Folders SKU 21,3/25/2022,17.89,3.0,54.0,13.0,20.0,8.0,5.0,8.0,24.4,,,,,24.4,24.4,,14.99,23.99
File Folders SKU 21,3/26/2022,17.99,4.0,72.0,18.0,26.0,11.0,5.0,12.0,24.4,,,,,24.4,24.4,,14.99,23.99
File Folders SKU 21,3/27/2022,17.99,4.0,72.0,18.0,26.0,11.0,7.0,10.0,24.4,,,,,24.4,24.4,,14.99,23.99
File Folders SKU 21,3/28/2022,17.79,5.0,89.0,22.0,33.0,13.0,1.0,20.0,24.4,,,,,24.4,24.4,,14.99,23.99
File Folders SKU 21,3/29/2022,17.89,8.0,143.0,36.0,53.0,21.0,6.0,27.0,24.4,,,,,24.4,24.4,,14.99,23.99
File Folders SKU 21,3/30/2022,17.99,7.0,126.0,31.0,46.0,19.0,6.0,24.0,24.4,,,,,24.4,24.4,,14.99,23.99
File Folders SKU 21,3/31/2022,17.89,4.0,72.0,18.0,26.0,11.0,6.0,11.0,24.4,,,,,24.4,24.4,,14.99,23.99
File Folders SKU 21,4/1/2022,17.99,4.0,72.0,18.0,26.0,11.0,3.0,14.0,24.4,,,,,24.4,24.4,,14.99,23.99
File Folders SKU 21,4/2/2022,17.99,6.0,108.0,27.0,40.0,16.0,4.0,21.0,24.4,,,,,24.4,24.4,,14.99,23.99
File Folders SKU 21,4/3/2022,17.99,2.0,36.0,9.0,13.0,5.0,3.0,6.0,24.4,,,,,24.4,24.4,,14.99,23.99
File Folders SKU 21,4/4/2022,17.39,18.0,313.0,80.0,119.0,47.0,4.0,63.0,24.71,,,,,24.71,24.71,,14.99,23.99
File Folders SKU 21,4/5/2022,17.69,4.0,71.0,18.0,26.0,11.0,2.0,14.0,24.71,,,,,24.71,24.71,,14.99,23.99
File Folders SKU 21,4/6/2022,17.89,12.0,215.0,53.0,79.0,32.0,6.0,45.0,24.71,,,,,24.71,24.71,,14.99,23.99
File Folders SKU 21,4/7/2022,17.89,6.0,107.0,27.0,40.0,16.0,7.0,17.0,24.71,,,,,24.71,24.71,,14.99,23.99
File Folders SKU 21,4/8/2022,17.79,14.0,249.0,62.0,92.0,37.0,4.0,54.0,24.71,,,,,24.71,24.71,,14.99,23.99
File Folders SKU 21,4/9/2022,17.99,7.0,126.0,31.0,46.0,19.0,4.0,26.0,24.71,,,,,24.71,24.71,,14.99,23.99
File Folders SKU 21,4/10/2022,17.99,1.0,18.0,4.0,7.0,3.0,3.0,1.0,24.71,,,,,24.71,24.71,,14.99,23.99
File Folders SKU 21,4/11/2022,17.89,17.0,304.0,75.0,112.0,46.0,4.0,67.0,24.77,,,,,24.77,24.77,,14.99,23.99
File Folders SKU 21,4/12/2022,17.89,12.0,215.0,53.0,79.0,32.0,7.0,44.0,24.77,,,,,24.77,24.77,,14.99,23.99
File Folders SKU 21,4/13/2022,17.89,10.0,179.0,44.0,66.0,27.0,7.0,35.0,24.77,,,,,24.77,24.77,,14.99,23.99
File Folders SKU 21,4/14/2022,17.79,4.0,71.0,18.0,26.0,11.0,5.0,11.0,24.77,,,,,24.77,24.77,,14.99,23.99
File Folders SKU 21,4/15/2022,17.89,5.0,89.0,22.0,33.0,13.0,2.0,19.0,24.77,,,,,24.77,24.77,,14.99,23.99
File Folders SKU 21,4/16/2022,17.99,5.0,90.0,22.0,33.0,14.0,8.0,13.0,24.77,,,,,24.77,24.77,,14.99,23.99
File Folders SKU 21,4/17/2022,17.99,3.0,54.0,13.0,20.0,8.0,4.0,9.0,24.77,,,,,24.77,24.77,,14.99,23.99
File Folders SKU 21,4/18/2022,17.89,8.0,143.0,36.0,53.0,21.0,4.0,29.0,24.77,,,,,24.77,24.77,356.0,14.99,23.99
File Folders SKU 21,4/19/2022,17.89,6.0,107.0,27.0,40.0,16.0,7.0,17.0,24.77,,,,,24.77,24.77,357.0,14.99,23.99
File Folders SKU 21,4/20/2022,17.99,13.0,234.0,58.0,86.0,35.0,2.0,53.0,24.77,,,,,24.77,24.77,543.0,14.99,23.99
File Folders SKU 21,4/21/2022,17.79,8.0,142.0,36.0,53.0,21.0,7.0,25.0,24.77,,,,,24.77,24.77,538.0,14.99,23.99
File Folders SKU 21,4/22/2022,17.99,8.0,144.0,36.0,53.0,22.0,6.0,27.0,24.77,,,,,24.77,24.77,529.0,14.99,23.99
File Folders SKU 21,4/23/2022,17.99,4.0,72.0,18.0,26.0,11.0,2.0,15.0,24.77,,,,,24.77,24.77,521.0,14.99,23.99
File Folders SKU 21,4/24/2022,17.99,11.0,198.0,49.0,73.0,30.0,14.0,32.0,24.77,,,,,24.77,24.77,502.0,14.99,23.99
File Folders SKU 21,4/25/2022,17.79,7.0,125.0,31.0,46.0,19.0,4.0,25.0,21.56,,,,,21.56,21.56,506.0,14.99,23.99
File Folders SKU 21,4/26/2022,17.89,22.0,394.0,98.0,145.0,59.0,8.0,84.0,21.56,,,,,21.56,21.56,699.0,14.99,23.99
File Folders SKU 21,4/27/2022,18.09,21.0,380.0,93.0,139.0,57.0,4.0,87.0,21.56,,,,,21.56,21.56,693.0,14.99,23.99
File Folders SKU 21,4/28/2022,18.89,12.0,227.0,53.0,79.0,34.0,4.0,57.0,21.56,,,,,21.56,21.56,683.0,14.99,23.99
File Folders SKU 21,4/29/2022,18.89,5.0,94.0,22.0,33.0,14.0,2.0,23.0,21.56,,,,,21.56,21.56,667.0,14.99,23.99
File Folders SKU 21,4/30/2022,18.79,4.0,75.0,18.0,26.0,11.0,1.0,19.0,21.56,,,,,21.56,21.56,642.0,14.99,23.99
File Folders SKU 21,5/1/2022,18.99,2.0,38.0,9.0,13.0,6.0,2.0,8.0,21.56,,,,,21.56,21.56,626.0,14.99,23.99
File Folders SKU 21,5/2/2022,18.99,4.0,76.0,18.0,26.0,11.0,1.0,20.0,21.56,,,,,21.56,21.56,622.0,14.99,23.99
File Folders SKU 21,5/3/2022,18.89,4.0,76.0,18.0,26.0,11.0,7.0,14.0,21.56,,,,,21.56,21.56,620.0,14.99,23.99
File Folders SKU 21,5/4/2022,18.99,3.0,57.0,13.0,20.0,9.0,3.0,12.0,21.56,,,,,21.56,21.56,614.0,14.99,23.99
File Folders SKU 21,5/5/2022,18.99,4.0,76.0,18.0,26.0,11.0,5.0,16.0,21.56,,,,,21.56,21.56,607.0,14.99,23.99
File Folders SKU 21,5/6/2022,18.89,8.0,151.0,36.0,53.0,23.0,2.0,37.0,21.56,,,,,21.56,21.56,603.0,14.99,23.99
File Folders SKU 21,5/7/2022,18.99,2.0,38.0,9.0,13.0,6.0,2.0,8.0,21.56,,,,,21.56,21.56,598.0,14.99,23.99
File Folders SKU 21,5/8/2022,18.99,6.0,114.0,27.0,40.0,17.0,3.0,27.0,21.56,,,,,21.56,21.56,596.0,14.99,23.99
File Folders SKU 21,5/9/2022,18.79,12.0,225.0,53.0,79.0,34.0,3.0,56.0,25.38,,,,,25.38,25.38,593.0,14.99,23.99
File Folders SKU 21,5/10/2022,18.69,6.0,112.0,27.0,40.0,17.0,7.0,21.0,25.38,,,,,25.38,25.38,588.0,14.99,23.99
File Folders SKU 21,5/11/2022,18.79,2.0,38.0,9.0,13.0,6.0,7.0,3.0,25.38,,,,,25.38,25.38,584.0,14.99,23.99
File Folders SKU 21,5/12/2022,18.99,1.0,19.0,4.0,7.0,3.0,6.0,-1.0,25.38,,,,,25.38,25.38,580.0,14.99,23.99
File Folders SKU 21,5/13/2022,18.89,4.0,76.0,18.0,26.0,11.0,2.0,19.0,25.38,,,,,25.38,25.38,565.0,14.99,23.99
File Folders SKU 21,5/14/2022,18.99,2.0,38.0,9.0,13.0,6.0,1.0,9.0,25.38,,,,,25.38,25.38,721.0,14.99,23.99
File Folders SKU 21,5/15/2022,18.99,5.0,95.0,22.0,33.0,14.0,1.0,25.0,25.38,,,,,25.38,25.38,719.0,14.99,23.99
File Folders SKU 21,5/16/2022,18.99,3.0,57.0,13.0,20.0,9.0,4.0,11.0,25.99,,,,,25.99,25.99,738.0,14.99,23.99
File Folders SKU 21,5/17/2022,18.99,12.0,228.0,53.0,79.0,34.0,3.0,59.0,25.99,,,,,25.99,25.99,737.0,14.99,23.99
File Folders SKU 21,5/18/2022,18.89,3.0,57.0,13.0,20.0,9.0,8.0,7.0,25.99,,,,,25.99,25.99,733.0,14.99,23.99
File Folders SKU 21,5/19/2022,18.89,6.0,113.0,27.0,40.0,17.0,6.0,23.0,25.99,,,,,25.99,25.99,724.0,14.99,23.99
File Folders SKU 21,5/20/2022,18.89,7.0,132.0,31.0,46.0,20.0,3.0,32.0,25.99,,,,,25.99,25.99,720.0,14.99,23.99
File Folders SKU 21,5/21/2022,0.0,0.0,0.0,0.0,0.0,0.0,3.0,-3.0,25.99,,,,,25.99,25.99,713.0,14.99,23.99
File Folders SKU 21,5/22/2022,18.99,1.0,19.0,4.0,7.0,3.0,1.0,4.0,25.99,,,,,25.99,25.99,706.0,14.99,23.99
File Folders SKU 21,5/23/2022,18.99,4.0,76.0,18.0,26.0,11.0,8.0,13.0,25.99,,,,,25.99,25.99,701.0,14.99,23.99
File Folders SKU 21,5/24/2022,18.49,10.0,185.0,44.0,66.0,28.0,8.0,39.0,25.99,,,,,25.99,25.99,699.0,14.99,23.99
File Folders SKU 21,5/25/2022,18.69,6.0,112.0,27.0,40.0,17.0,5.0,23.0,25.99,,,,,25.99,25.99,697.0,14.99,23.99
File Folders SKU 21,5/26/2022,18.89,12.0,227.0,53.0,79.0,34.0,5.0,56.0,25.99,,,,,25.99,25.99,692.0,14.99,23.99
File Folders SKU 21,5/27/2022,18.99,10.0,190.0,44.0,66.0,28.0,5.0,47.0,25.99,,,,,25.99,25.99,687.0,14.99,23.99
File Folders SKU 21,5/28/2022,18.99,4.0,76.0,18.0,26.0,11.0,2.0,19.0,25.99,,,,,25.99,25.99,671.0,14.99,23.99
File Folders SKU 21,5/29/2022,18.99,3.0,57.0,13.0,20.0,9.0,3.0,12.0,25.99,,,,,25.99,25.99,664.0,14.99,23.99
File Folders SKU 21,5/30/2022,18.99,2.0,38.0,9.0,13.0,6.0,0.0,10.0,25.99,,,,,25.99,25.99,646.0,14.99,23.99
File Folders SKU 21,5/31/2022,18.89,4.0,76.0,18.0,26.0,11.0,6.0,15.0,25.99,,,,,25.99,25.99,641.0,14.99,23.99
File Folders SKU 21,6/1/2022,18.59,20.0,372.0,89.0,132.0,56.0,6.0,89.0,25.99,,,,,25.99,25.99,639.0,14.99,23.99
File Folders SKU 21,6/2/2022,18.69,7.0,131.0,31.0,46.0,20.0,4.0,30.0,25.99,,,,,25.99,25.99,634.0,14.99,23.99
File Folders SKU 21,6/3/2022,18.99,6.0,114.0,27.0,40.0,17.0,2.0,28.0,25.99,,,,,25.99,25.99,619.0,14.99,23.99
File Folders SKU 21,6/4/2022,18.89,3.0,57.0,13.0,20.0,9.0,1.0,14.0,25.99,,,,,25.99,25.99,611.0,14.99,23.99
File Folders SKU 21,6/5/2022,18.99,5.0,95.0,22.0,33.0,14.0,2.0,24.0,25.99,,,,,25.99,25.99,605.0,14.99,23.99
File Folders SKU 21,6/6/2022,18.79,12.0,225.0,53.0,79.0,34.0,9.0,50.0,25.99,,,,,25.99,25.99,605.0,14.99,23.99
File Folders SKU 21,6/7/2022,18.79,8.0,150.0,36.0,53.0,22.0,7.0,32.0,25.99,,,,,25.99,25.99,584.0,14.99,23.99
File Folders SKU 21,6/8/2022,18.89,5.0,94.0,22.0,33.0,14.0,4.0,21.0,25.99,,,,,25.99,25.99,576.0,14.99,23.99
File Folders SKU 21,6/9/2022,18.79,9.0,169.0,40.0,59.0,25.0,7.0,38.0,25.99,,,,,25.99,25.99,568.0,14.99,23.99
File Folders SKU 21,6/10/2022,18.99,9.0,171.0,40.0,59.0,26.0,11.0,35.0,25.99,,,,,25.99,25.99,570.0,14.99,23.99
File Folders SKU 21,6/11/2022,18.99,2.0,38.0,9.0,13.0,6.0,2.0,8.0,25.99,,,,,25.99,25.99,565.0,14.99,23.99
File Folders SKU 21,6/12/2022,18.99,2.0,38.0,9.0,13.0,6.0,3.0,7.0,25.99,,,,,25.99,25.99,563.0,14.99,23.99
File Folders SKU 21,6/13/2022,18.79,19.0,357.0,84.0,125.0,54.0,7.0,87.0,25.99,,,,,25.99,25.99,559.0,14.99,23.99
File Folders SKU 21,6/14/2022,18.89,8.0,151.0,36.0,53.0,23.0,2.0,37.0,25.99,,,,,25.99,25.99,547.0,14.99,23.99
File Folders SKU 21,6/15/2022,18.79,4.0,75.0,18.0,26.0,11.0,7.0,13.0,25.99,,,,,25.99,25.99,533.0,14.99,23.99
File Folders SKU 21,6/16/2022,18.89,17.0,321.0,75.0,112.0,48.0,9.0,77.0,25.99,,,,,25.99,25.99,526.0,14.99,23.99
File Folders SKU 21,6/17/2022,18.99,3.0,57.0,13.0,20.0,9.0,2.0,13.0,25.99,,,,,25.99,25.99,522.0,14.99,23.99
File Folders SKU 21,6/18/2022,18.99,8.0,152.0,36.0,53.0,23.0,4.0,36.0,25.99,,,,,25.99,25.99,717.0,14.99,23.99
File Folders SKU 21,6/19/2022,18.99,4.0,76.0,18.0,26.0,11.0,4.0,17.0,25.99,,,,,25.99,25.99,736.0,14.99,23.99
File Folders SKU 21,6/20/2022,18.89,6.0,113.0,27.0,40.0,17.0,6.0,23.0,26.58,,,,,26.58,26.58,959.0,14.99,23.99
File Folders SKU 21,6/21/2022,18.89,14.0,264.0,62.0,92.0,40.0,3.0,67.0,26.58,,,,,26.58,26.58,955.0,14.99,23.99
File Folders SKU 21,6/22/2022,18.99,5.0,95.0,22.0,33.0,14.0,3.0,23.0,26.58,,,,,26.58,26.58,952.0,14.99,23.99
File Folders SKU 21,6/23/2022,18.99,4.0,76.0,18.0,26.0,11.0,3.0,18.0,26.58,,,,,26.58,26.58,1091.0,14.99,23.99
File Folders SKU 21,6/24/2022,18.69,3.0,56.0,13.0,20.0,8.0,2.0,13.0,26.58,,,,,26.58,26.58,1151.0,14.99,23.99
File Folders SKU 21,6/25/2022,18.99,2.0,38.0,9.0,13.0,6.0,2.0,8.0,26.58,,,,,26.58,26.58,1145.0,14.99,23.99
File Folders SKU 21,6/26/2022,18.99,1.0,19.0,4.0,7.0,3.0,3.0,2.0,26.58,,,,,26.58,26.58,1139.0,14.99,23.99
File Folders SKU 21,6/27/2022,18.99,4.0,76.0,18.0,26.0,11.0,6.0,15.0,26.58,,,,,26.58,26.58,1134.0,14.99,23.99
File Folders SKU 21,6/28/2022,18.89,12.0,227.0,53.0,79.0,34.0,9.0,52.0,26.58,,,,,26.58,26.58,1133.0,14.99,23.99
File Folders SKU 21,6/29/2022,18.89,11.0,208.0,49.0,73.0,31.0,3.0,52.0,26.58,,,,,26.58,26.58,1132.0,14.99,23.99
File Folders SKU 21,6/30/2022,18.89,8.0,151.0,36.0,53.0,23.0,2.0,37.0,26.58,,,,,26.58,26.58,1127.0,14.99,23.99
File Folders SKU 21,7/1/2022,18.89,9.0,170.0,40.0,59.0,26.0,3.0,42.0,26.58,,,,,26.58,26.58,1115.0,14.99,23.99
File Folders SKU 21,7/2/2022,18.99,2.0,38.0,9.0,13.0,6.0,2.0,8.0,26.58,,,,,26.58,26.58,1104.0,14.99,23.99
File Folders SKU 21,7/3/2022,18.99,3.0,57.0,13.0,20.0,9.0,1.0,14.0,26.58,,,,,26.58,26.58,1098.0,14.99,23.99
File Folders SKU 21,7/4/2022,18.99,7.0,133.0,31.0,46.0,20.0,2.0,34.0,26.58,,,,,26.58,26.58,1094.0,14.99,23.99
File Folders SKU 21,7/5/2022,18.99,14.0,266.0,62.0,92.0,40.0,9.0,63.0,26.58,,,,,26.58,26.58,1084.0,14.99,23.99
File Folders SKU 21,7/6/2022,18.99,10.0,190.0,44.0,66.0,28.0,6.0,46.0,26.58,,,,,26.58,26.58,,14.99,23.99
File Folders SKU 21,7/7/2022,18.99,11.0,209.0,49.0,73.0,31.0,9.0,47.0,26.58,,,,,26.58,26.58,1076.0,14.99,23.99
File Folders SKU 21,7/8/2022,18.99,7.0,133.0,31.0,46.0,20.0,5.0,31.0,26.58,,,,,26.58,26.58,1058.0,14.99,23.99
File Folders SKU 21,7/9/2022,18.99,5.0,95.0,22.0,33.0,14.0,3.0,23.0,26.58,,,,,26.58,26.58,1047.0,14.99,23.99
File Folders SKU 21,7/10/2022,17.89,18.0,322.0,80.0,119.0,48.0,7.0,68.0,26.58,,,,,26.58,26.58,1030.0,14.99,23.99
File Folders SKU 21,7/11/2022,18.99,12.0,228.0,53.0,79.0,34.0,7.0,55.0,28.15,,,,,28.15,28.15,1012.0,14.99,23.99
File Folders SKU 21,7/12/2022,18.99,16.0,304.0,71.0,106.0,46.0,16.0,65.0,28.15,,,,,28.15,28.15,1007.0,14.99,23.99
File Folders SKU 21,7/13/2022,18.99,20.0,380.0,89.0,132.0,57.0,15.0,87.0,28.15,,,,,28.15,28.15,993.0,14.99,23.99
File Folders SKU 21,7/14/2022,18.89,12.0,227.0,53.0,79.0,34.0,8.0,53.0,28.15,,,,,28.15,28.15,978.0,14.99,23.99
File Folders SKU 21,7/15/2022,18.79,18.0,338.0,80.0,119.0,51.0,7.0,81.0,28.15,,,,,28.15,28.15,960.0,14.99,23.99
File Folders SKU 21,7/16/2022,18.99,5.0,95.0,22.0,33.0,14.0,5.0,21.0,28.15,,,,,28.15,28.15,957.0,14.99,23.99
File Folders SKU 21,7/17/2022,18.99,6.0,114.0,27.0,40.0,17.0,4.0,26.0,28.15,,,,,28.15,28.15,949.0,14.99,23.99
File Folders SKU 21,7/18/2022,18.49,33.0,610.0,147.0,218.0,92.0,7.0,146.0,25.99,,,,,25.99,25.99,937.0,14.99,23.99
File Folders SKU 21,7/19/2022,18.99,17.0,323.0,75.0,112.0,48.0,10.0,78.0,25.99,,,,,25.99,25.99,918.0,14.99,23.99
File Folders SKU 21,7/20/2022,18.99,12.0,228.0,53.0,79.0,34.0,5.0,57.0,25.99,,,,,25.99,25.99,897.0,14.99,23.99
File Folders SKU 21,7/21/2022,18.89,17.0,321.0,75.0,112.0,48.0,10.0,76.0,25.99,,,,,25.99,25.99,878.0,14.99,23.99
File Folders SKU 21,7/22/2022,18.89,3.0,57.0,13.0,20.0,9.0,4.0,11.0,25.99,,,,,25.99,25.99,858.0,14.99,23.99
File Folders SKU 21,7/23/2022,18.99,6.0,114.0,27.0,40.0,17.0,6.0,24.0,25.99,,,,,25.99,25.99,839.0,14.99,23.99
File Folders SKU 21,7/24/2022,18.99,5.0,95.0,22.0,33.0,14.0,8.0,18.0,25.99,,,,,25.99,25.99,827.0,14.99,23.99
File Folders SKU 21,7/25/2022,18.89,14.0,264.0,62.0,92.0,40.0,6.0,64.0,28.15,,,,,28.15,28.15,821.0,14.99,23.99
File Folders SKU 21,7/26/2022,18.89,15.0,283.0,67.0,99.0,42.0,9.0,66.0,28.15,,,,,28.15,28.15,1032.0,14.99,23.99
File Folders SKU 21,7/27/2022,18.59,36.0,669.0,160.0,238.0,100.0,7.0,164.0,28.15,,,,,28.15,28.15,1024.0,14.99,23.99
File Folders SKU 21,7/28/2022,18.89,21.0,397.0,93.0,139.0,60.0,5.0,100.0,28.15,,,,,28.15,28.15,1016.0,14.99,23.99
File Folders SKU 21,7/29/2022,18.79,19.0,357.0,84.0,125.0,54.0,5.0,89.0,28.15,,,,,28.15,28.15,991.0,14.99,23.99
File Folders SKU 21,7/30/2022,18.99,19.0,361.0,84.0,125.0,54.0,7.0,91.0,28.15,,,,,28.15,28.15,966.0,14.99,23.99
File Folders SKU 21,7/31/2022,18.99,6.0,114.0,27.0,40.0,17.0,5.0,25.0,28.15,,,,,28.15,28.15,951.0,14.99,23.99
File Folders SKU 21,8/1/2022,18.59,23.0,428.0,102.0,152.0,64.0,7.0,103.0,28.15,,,,,28.15,28.15,948.0,14.99,23.99
File Folders SKU 21,8/2/2022,18.99,25.0,475.0,111.0,165.0,71.0,9.0,119.0,28.15,,,,,28.15,28.15,926.0,14.99,23.99
File Folders SKU 21,8/3/2022,18.99,19.0,361.0,84.0,125.0,54.0,14.0,84.0,28.15,,,,,28.15,28.15,918.0,14.99,23.99
File Folders SKU 21,8/4/2022,18.99,40.0,760.0,178.0,264.0,114.0,9.0,195.0,28.15,,,,,28.15,28.15,902.0,14.99,23.99
File Folders SKU 21,8/5/2022,18.89,19.0,359.0,84.0,125.0,54.0,8.0,88.0,28.15,,,,,28.15,28.15,876.0,14.99,23.99
File Folders SKU 21,8/6/2022,18.99,10.0,190.0,44.0,66.0,28.0,4.0,48.0,28.15,,,,,28.15,28.15,840.0,14.99,23.99
File Folders SKU 21,8/7/2022,18.99,8.0,152.0,36.0,53.0,23.0,2.0,38.0,28.15,,,,,28.15,28.15,812.0,14.99,23.99
File Folders SKU 21,8/8/2022,18.89,28.0,529.0,124.0,185.0,79.0,12.0,129.0,28.14,,,,,28.14,28.14,796.0,14.99,23.99
File Folders SKU 21,8/9/2022,18.79,29.0,545.0,129.0,191.0,82.0,9.0,134.0,28.14,,,,,28.14,28.14,785.0,14.99,23.99
File Folders SKU 21,8/10/2022,18.79,29.0,545.0,129.0,191.0,82.0,13.0,130.0,28.14,,,,,28.14,28.14,768.0,14.99,23.99
File Folders SKU 21,8/11/2022,18.99,29.0,551.0,129.0,191.0,83.0,8.0,140.0,28.14,,,,,28.14,28.14,736.0,14.99,23.99
File Folders SKU 21,8/12/2022,18.99,12.0,228.0,53.0,79.0,34.0,9.0,53.0,28.14,,,,,28.14,28.14,717.0,14.99,23.99
File Folders SKU 21,8/13/2022,18.99,10.0,190.0,44.0,66.0,28.0,2.0,50.0,28.14,,,,,28.14,28.14,692.0,14.99,23.99
File Folders SKU 21,8/14/2022,18.99,10.0,190.0,44.0,66.0,28.0,5.0,47.0,28.14,,,,,28.14,28.14,667.0,14.99,23.99
File Folders SKU 21,8/15/2022,18.89,22.0,416.0,98.0,145.0,62.0,11.0,100.0,28.14,,,,,28.14,28.14,653.0,14.99,23.99
File Folders SKU 21,8/16/2022,18.99,25.0,475.0,111.0,165.0,71.0,10.0,118.0,28.14,,,,,28.14,28.14,640.0,14.99,23.99
File Folders SKU 21,8/17/2022,18.89,11.0,208.0,49.0,73.0,31.0,6.0,49.0,28.14,,,,,28.14,28.14,620.0,14.99,23.99
File Folders SKU 21,8/18/2022,18.89,11.0,208.0,49.0,73.0,31.0,9.0,46.0,28.14,,,,,28.14,28.14,592.0,14.99,23.99
File Folders SKU 21,8/19/2022,18.79,20.0,376.0,89.0,132.0,56.0,10.0,89.0,28.14,,,,,28.14,28.14,574.0,14.99,23.99
File Folders SKU 21,8/20/2022,18.99,5.0,95.0,22.0,33.0,14.0,2.0,24.0,28.14,,,,,28.14,28.14,558.0,14.99,23.99
File Folders SKU 21,8/21/2022,18.99,15.0,285.0,67.0,99.0,43.0,9.0,67.0,28.14,,,,,28.14,28.14,550.0,14.99,23.99
File Folders SKU 21,8/22/2022,18.89,28.0,529.0,124.0,185.0,79.0,12.0,129.0,28.14,,,,,28.14,28.14,543.0,14.99,23.99
File Folders SKU 21,8/23/2022,18.79,21.0,395.0,93.0,139.0,59.0,8.0,96.0,28.14,,,,,28.14,28.14,525.0,14.99,23.99
File Folders SKU 21,8/24/2022,18.89,16.0,302.0,71.0,106.0,45.0,12.0,68.0,28.14,,,,,28.14,28.14,512.0,14.99,23.99
File Folders SKU 21,8/25/2022,18.69,24.0,449.0,107.0,158.0,67.0,6.0,111.0,28.14,,,,,28.14,28.14,476.0,14.99,23.99
File Folders SKU 21,8/26/2022,18.89,13.0,246.0,58.0,86.0,37.0,10.0,55.0,28.14,,,,,28.14,28.14,459.0,14.99,23.99
File Folders SKU 21,8/27/2022,18.99,7.0,133.0,31.0,46.0,20.0,7.0,29.0,28.14,,,,,28.14,28.14,434.0,14.99,23.99
File Folders SKU 21,8/28/2022,18.99,4.0,76.0,18.0,26.0,11.0,1.0,20.0,28.14,,,,,28.14,28.14,423.0,14.99,23.99
File Folders SKU 21,8/29/2022,18.89,15.0,283.0,67.0,99.0,42.0,3.0,72.0,28.14,,,,,28.14,28.14,412.0,14.99,23.99
File Folders SKU 21,8/30/2022,18.89,10.0,189.0,44.0,66.0,28.0,8.0,43.0,28.14,,,,,28.14,28.14,392.0,14.99,23.99
File Folders SKU 21,8/31/2022,18.99,21.0,399.0,93.0,139.0,60.0,11.0,96.0,28.14,,,,,28.14,28.14,391.0,14.99,23.99
File Folders SKU 21,9/1/2022,18.89,16.0,302.0,71.0,106.0,45.0,9.0,71.0,28.14,,,,,28.14,28.14,381.0,14.99,23.99
File Folders SKU 21,9/2/2022,18.69,31.0,579.0,138.0,205.0,87.0,9.0,140.0,28.14,,,,,28.14,28.14,368.0,14.99,23.99
File Folders SKU 21,9/3/2022,18.99,10.0,190.0,44.0,66.0,28.0,2.0,50.0,28.14,,,,,28.14,28.14,353.0,14.99,23.99
File Folders SKU 21,9/4/2022,18.99,4.0,76.0,18.0,26.0,11.0,2.0,19.0,28.14,,,,,28.14,28.14,580.0,14.99,23.99
File Folders SKU 21,9/5/2022,18.99,10.0,190.0,44.0,66.0,28.0,5.0,47.0,28.14,,,,,28.14,28.14,566.0,14.99,23.99
File Folders SKU 21,9/6/2022,18.99,23.0,437.0,102.0,152.0,66.0,5.0,112.0,28.14,,,,,28.14,28.14,556.0,14.99,23.99
File Folders SKU 21,9/7/2022,18.99,36.0,684.0,160.0,238.0,103.0,6.0,177.0,28.14,,,,,28.14,28.14,537.0,14.99,23.99
File Folders SKU 21,9/8/2022,18.89,12.0,227.0,53.0,79.0,34.0,7.0,54.0,28.14,,,,,28.14,28.14,532.0,14.99,23.99
File Folders SKU 21,9/9/2022,18.79,17.0,319.0,75.0,112.0,48.0,7.0,77.0,28.14,,,,,28.14,28.14,753.0,14.99,23.99
File Folders SKU 21,9/10/2022,18.99,11.0,209.0,49.0,73.0,31.0,5.0,51.0,28.14,,,,,28.14,28.14,,14.99,23.99
File Folders SKU 21,9/11/2022,18.99,13.0,247.0,58.0,86.0,37.0,6.0,60.0,28.14,,,,,28.14,28.14,,14.99,23.99
File Folders SKU 21,9/12/2022,18.89,28.0,529.0,124.0,185.0,79.0,12.0,129.0,27.75,,,,,27.75,27.75,,14.99,23.99
File Folders SKU 21,9/13/2022,18.89,16.0,302.0,71.0,106.0,45.0,8.0,72.0,27.75,,,,,27.75,27.75,,14.99,23.99
File Folders SKU 21,9/14/2022,18.89,28.0,529.0,124.0,185.0,79.0,8.0,133.0,27.75,,,,,27.75,27.75,,14.99,23.99
File Folders SKU 21,9/15/2022,18.99,12.0,228.0,53.0,79.0,34.0,4.0,58.0,27.75,,,,,27.75,27.75,,14.99,23.99
File Folders SKU 21,9/16/2022,18.99,17.0,323.0,75.0,112.0,48.0,7.0,81.0,27.75,,,,,27.75,27.75,,14.99,23.99
File Folders SKU 21,9/17/2022,18.89,4.0,76.0,18.0,26.0,11.0,3.0,18.0,27.75,,,,,27.75,27.75,,14.99,23.99
File Folders SKU 21,9/18/2022,18.99,8.0,152.0,36.0,53.0,23.0,4.0,36.0,27.75,,,,,27.75,27.75,,14.99,23.99
File Folders SKU 21,9/19/2022,18.89,11.0,208.0,49.0,73.0,31.0,7.0,48.0,27.75,,,,,27.75,27.75,,14.99,23.99
File Folders SKU 21,9/20/2022,18.59,21.0,390.0,93.0,139.0,58.0,6.0,94.0,27.75,,,,,27.75,27.75,,14.99,23.99
File Folders SKU 21,9/21/2022,18.89,28.0,529.0,124.0,185.0,79.0,7.0,134.0,27.75,,,,,27.75,27.75,,14.99,23.99
File Folders SKU 21,9/22/2022,18.89,17.0,321.0,75.0,112.0,48.0,4.0,82.0,27.75,,,,,27.75,27.75,,14.99,23.99
File Folders SKU 21,9/23/2022,18.79,19.0,357.0,84.0,125.0,54.0,10.0,84.0,27.75,,,,,27.75,27.75,650.0,14.99,23.99
File Folders SKU 21,9/24/2022,18.99,8.0,152.0,36.0,53.0,23.0,2.0,38.0,27.75,,,,,27.75,27.75,494.0,14.99,23.99
File Folders SKU 21,9/25/2022,18.99,4.0,76.0,18.0,26.0,11.0,4.0,17.0,27.75,,,,,27.75,27.75,459.0,14.99,23.99
File Folders SKU 21,9/26/2022,18.69,27.0,505.0,120.0,178.0,76.0,6.0,125.0,26.38,,,,,26.38,26.38,452.0,14.99,23.99
File Folders SKU 21,9/27/2022,0.0,0.0,0.0,0.0,0.0,0.0,1.0,-1.0,26.38,,,,,26.38,26.38,431.0,14.99,23.99
File Folders SKU 21,9/28/2022,17.99,22.0,396.0,98.0,145.0,59.0,5.0,89.0,26.38,,,,,26.38,26.38,429.0,14.99,23.99
File Folders SKU 21,9/29/2022,12.49,12.0,150.0,53.0,79.0,22.0,3.0,-7.0,26.38,,,,,26.38,26.38,409.0,14.99,23.99
File Folders SKU 21,9/30/2022,18.99,13.0,247.0,58.0,86.0,37.0,3.0,63.0,26.38,,,,,26.38,26.38,522.0,14.99,23.99
File Folders SKU 21,10/1/2022,18.99,8.0,152.0,36.0,53.0,23.0,2.0,38.0,26.38,,,,,26.38,26.38,512.0,14.99,23.99
File Folders SKU 21,10/2/2022,18.99,5.0,95.0,22.0,33.0,14.0,2.0,24.0,26.38,,,,,26.38,26.38,501.0,14.99,23.99
File Folders SKU 21,10/3/2022,18.69,20.0,374.0,89.0,132.0,56.0,8.0,89.0,27.23,,,,,27.23,27.23,484.0,14.99,23.99
File Folders SKU 21,10/4/2022,18.79,23.0,432.0,102.0,152.0,65.0,3.0,110.0,27.23,,,,,27.23,27.23,469.0,14.99,23.99
File Folders SKU 21,10/5/2022,18.89,21.0,397.0,93.0,139.0,60.0,6.0,99.0,27.23,,,,,27.23,27.23,461.0,14.99,23.99
File Folders SKU 21,10/6/2022,18.89,20.0,378.0,89.0,132.0,57.0,3.0,97.0,27.23,,,,,27.23,27.23,448.0,14.99,23.99
File Folders SKU 21,10/7/2022,18.89,9.0,170.0,40.0,59.0,26.0,6.0,39.0,27.23,,,,,27.23,27.23,432.0,14.99,23.99
File Folders SKU 21,10/8/2022,18.99,4.0,76.0,18.0,26.0,11.0,3.0,18.0,27.23,,,,,27.23,27.23,409.0,14.99,23.99
File Folders SKU 21,10/9/2022,18.89,11.0,208.0,49.0,73.0,31.0,2.0,53.0,27.23,,,,,27.23,27.23,386.0,14.99,23.99
File Folders SKU 21,10/10/2022,14.69,31.0,455.0,138.0,205.0,68.0,5.0,39.0,27.23,,,,,27.23,27.23,380.0,14.99,23.99
File Folders SKU 21,10/11/2022,18.99,22.0,418.0,98.0,145.0,63.0,6.0,106.0,27.23,,,,,27.23,27.23,372.0,14.99,23.99
File Folders SKU 21,10/12/2022,18.79,13.0,244.0,58.0,86.0,37.0,6.0,57.0,25.99,,,,,25.99,25.99,351.0,14.99,23.99
File Folders SKU 21,10/13/2022,18.89,14.0,264.0,62.0,92.0,40.0,5.0,65.0,25.99,,,,,25.99,25.99,321.0,14.99,23.99
File Folders SKU 21,10/14/2022,18.79,29.0,545.0,129.0,191.0,82.0,7.0,136.0,25.99,,,,,25.99,25.99,312.0,14.99,23.99
File Folders SKU 21,10/15/2022,18.99,7.0,133.0,31.0,46.0,20.0,4.0,32.0,25.99,,,,,25.99,25.99,295.0,14.99,23.99
File Folders SKU 21,10/16/2022,18.99,9.0,171.0,40.0,59.0,26.0,1.0,45.0,25.99,,,,,25.99,25.99,278.0,14.99,23.99
File Folders SKU 21,10/17/2022,18.99,28.0,532.0,124.0,185.0,80.0,4.0,139.0,25.99,,,,,25.99,25.99,265.0,14.99,23.99
File Folders SKU 21,10/18/2022,18.89,14.0,264.0,62.0,92.0,40.0,8.0,62.0,25.99,,,,,25.99,25.99,241.0,14.99,23.99
File Folders SKU 21,10/19/2022,18.69,25.0,467.0,111.0,165.0,70.0,2.0,119.0,25.99,,,,,25.99,25.99,238.0,14.99,23.99
File Folders SKU 21,10/20/2022,20.19,14.0,283.0,62.0,92.0,42.0,2.0,85.0,25.99,,,,,25.99,25.99,216.0,14.99,23.99
File Folders SKU 21,10/21/2022,18.79,9.0,169.0,40.0,59.0,25.0,3.0,42.0,25.99,,,,,25.99,25.99,203.0,14.99,23.99
File Folders SKU 21,10/22/2022,18.89,9.0,170.0,40.0,59.0,26.0,2.0,43.0,25.99,,,,,25.99,25.99,173.0,14.99,23.99
File Folders SKU 21,10/23/2022,18.99,6.0,114.0,27.0,40.0,17.0,4.0,26.0,25.99,,,,,25.99,25.99,165.0,14.99,23.99
File Folders SKU 21,10/24/2022,18.29,30.0,549.0,133.0,198.0,82.0,3.0,133.0,25.99,,,,,25.99,25.99,158.0,14.99,23.99
File Folders SKU 21,10/25/2022,18.59,33.0,613.0,147.0,218.0,92.0,6.0,150.0,25.99,,,,,25.99,25.99,150.0,14.99,23.99
File Folders SKU 21,10/26/2022,18.89,23.0,434.0,102.0,152.0,65.0,5.0,110.0,25.99,,,,,25.99,25.99,136.0,14.99,23.99
File Folders SKU 21,10/27/2022,18.89,31.0,586.0,138.0,205.0,88.0,4.0,151.0,25.99,,,,,25.99,25.99,116.0,14.99,23.99
File Folders SKU 21,10/28/2022,18.99,5.0,95.0,22.0,33.0,14.0,5.0,21.0,25.99,,,,,25.99,25.99,89.0,14.99,23.99
File Folders SKU 21,10/29/2022,18.99,1.0,19.0,4.0,7.0,3.0,2.0,3.0,25.99,,,,,25.99,25.99,71.0,14.99,23.99
File Folders SKU 21,10/30/2022,0.0,0.0,0.0,0.0,0.0,0.0,0.0,0.0,25.99,,,,,25.99,25.99,34.0,14.99,23.99
File Folders SKU 21,10/31/2022,0.0,0.0,0.0,0.0,0.0,0.0,0.0,0.0,25.99,,,,,25.99,25.99,11.0,14.99,23.99
File Folders SKU 21,11/1/2022,0.0,0.0,0.0,0.0,0.0,0.0,0.0,0.0,25.99,,,,,25.99,25.99,10.0,14.99,23.99
File Folders SKU 21,11/2/2022,18.99,1.0,19.0,4.0,7.0,3.0,1.0,4.0,25.99,,,,,25.99,25.99,8.0,14.99,23.99
File Folders SKU 21,11/3/2022,0.0,0.0,0.0,0.0,0.0,0.0,0.0,0.0,25.99,,,,,25.99,25.99,3.0,14.99,23.99
File Folders SKU 21,11/4/2022,0.0,0.0,0.0,0.0,0.0,0.0,0.0,0.0,25.99,,,,,25.99,25.99,,14.99,23.99
File Folders SKU 21,11/5/2022,0.0,0.0,0.0,0.0,0.0,0.0,0.0,0.0,25.99,,,,,25.99,25.99,3.0,14.99,23.99
File Folders SKU 21,11/6/2022,0.0,0.0,0.0,0.0,0.0,0.0,0.0,0.0,25.99,,,,,25.99,25.99,2.0,14.99,23.99
File Folders SKU 21,11/7/2022,0.0,0.0,0.0,0.0,0.0,0.0,0.0,0.0,25.99,,,,,25.99,25.99,2.0,14.99,23.99
File Folders SKU 21,11/8/2022,0.0,0.0,0.0,0.0,0.0,0.0,0.0,0.0,25.99,,,,,25.99,25.99,2.0,14.99,23.99
File Folders SKU 21,11/9/2022,0.0,0.0,0.0,0.0,0.0,0.0,0.0,0.0,25.99,,,,,25.99,25.99,2.0,14.99,23.99
File Folders SKU 21,11/10/2022,0.0,0.0,0.0,0.0,0.0,0.0,0.0,0.0,25.99,,,,,25.99,25.99,0.0,14.99,23.99
File Folders SKU 21,11/11/2022,0.0,0.0,0.0,0.0,0.0,0.0,0.0,0.0,25.99,,,,,25.99,25.99,0.0,14.99,23.99
File Folders SKU 21,11/12/2022,0.0,0.0,0.0,0.0,0.0,0.0,0.0,0.0,25.99,,,,,25.99,25.99,0.0,14.99,23.99
File Folders SKU 21,11/13/2022,0.0,0.0,0.0,0.0,0.0,0.0,0.0,0.0,25.99,,,,,25.99,25.99,0.0,14.99,23.99
File Folders SKU 21,11/14/2022,0.0,0.0,0.0,0.0,0.0,0.0,0.0,0.0,25.99,,,,,25.99,25.99,0.0,14.99,23.99
File Folders SKU 21,11/15/2022,0.0,0.0,0.0,0.0,0.0,0.0,0.0,0.0,25.99,,,,,25.99,25.99,0.0,14.99,23.99
File Folders SKU 21,11/16/2022,0.0,0.0,0.0,0.0,0.0,0.0,0.0,0.0,25.99,,,,,25.99,25.99,0.0,14.99,23.99
File Folders SKU 21,11/17/2022,18.99,1.0,19.0,4.0,7.0,3.0,2.0,3.0,25.99,,,,,25.99,25.99,0.0,14.99,23.99
File Folders SKU 21,11/18/2022,18.99,1.0,19.0,4.0,7.0,3.0,1.0,4.0,25.99,,,,,25.99,25.99,0.0,14.99,23.99
File Folders SKU 21,11/19/2022,18.99,2.0,38.0,9.0,13.0,6.0,3.0,7.0,25.99,,,,,25.99,25.99,4.0,14.99,23.99
File Folders SKU 21,11/20/2022,0.0,0.0,0.0,0.0,0.0,0.0,0.0,0.0,25.99,,,,,25.99,25.99,4.0,14.99,23.99
File Folders SKU 21,11/21/2022,0.0,0.0,0.0,0.0,0.0,0.0,0.0,0.0,25.99,,,,,25.99,25.99,4.0,14.99,23.99
File Folders SKU 21,11/22/2022,0.0,0.0,0.0,0.0,0.0,0.0,0.0,0.0,25.99,,,,,25.99,25.99,4.0,14.99,23.99
File Folders SKU 21,11/23/2022,0.0,0.0,0.0,0.0,0.0,0.0,0.0,0.0,25.99,,,,,25.99,25.99,4.0,14.99,23.99
File Folders SKU 21,11/24/2022,0.0,0.0,0.0,0.0,0.0,0.0,0.0,0.0,25.99,,,,,25.99,25.99,4.0,14.99,23.99
File Folders SKU 21,11/25/2022,0.0,0.0,0.0,0.0,0.0,0.0,0.0,0.0,25.99,,,,,25.99,25.99,3.0,14.99,23.99
File Folders SKU 21,11/26/2022,0.0,0.0,0.0,0.0,0.0,0.0,0.0,0.0,25.99,,,,,25.99,25.99,3.0,14.99,23.99
File Folders SKU 21,11/27/2022,0.0,0.0,0.0,0.0,0.0,0.0,1.0,-1.0,25.99,,,,,25.99,25.99,3.0,14.99,23.99
File Folders SKU 21,11/28/2022,18.99,1.0,19.0,4.0,7.0,3.0,1.0,4.0,25.99,,,,,25.99,25.99,3.0,14.99,23.99
File Folders SKU 21,11/29/2022,0.0,0.0,0.0,0.0,0.0,0.0,0.0,0.0,25.99,,,,,25.99,25.99,3.0,14.99,23.99
File Folders SKU 21,11/30/2022,0.0,0.0,0.0,0.0,0.0,0.0,0.0,0.0,25.99,,,,,25.99,25.99,2.0,14.99,23.99
File Folders SKU 21,12/1/2022,0.0,0.0,0.0,0.0,0.0,0.0,0.0,0.0,25.99,,,,,25.99,25.99,1.0,14.99,23.99
File Folders SKU 21,12/2/2022,0.0,0.0,0.0,0.0,0.0,0.0,0.0,0.0,25.99,,,,,25.99,25.99,1.0,14.99,23.99
File Folders SKU 21,12/3/2022,0.0,0.0,0.0,0.0,0.0,0.0,0.0,0.0,25.99,,,,,25.99,25.99,1.0,14.99,23.99
File Folders SKU 21,12/4/2022,0.0,0.0,0.0,0.0,0.0,0.0,0.0,0.0,25.99,,,,,25.99,25.99,0.0,14.99,23.99
File Folders SKU 21,12/5/2022,0.0,0.0,0.0,0.0,0.0,0.0,0.0,0.0,25.99,,,,,25.99,25.99,0.0,14.99,23.99
File Folders SKU 21,12/6/2022,0.0,0.0,0.0,0.0,0.0,0.0,0.0,0.0,25.99,,,,,25.99,25.99,0.0,14.99,23.99
File Folders SKU 21,12/7/2022,0.0,0.0,0.0,0.0,0.0,0.0,0.0,0.0,22.47,,,,,22.47,22.47,0.0,14.99,23.99
File Folders SKU 21,12/8/2022,18.99,1.0,19.0,4.0,7.0,3.0,0.0,5.0,22.47,,,,,22.47,22.47,0.0,14.99,23.99
File Folders SKU 21,12/9/2022,0.0,0.0,0.0,0.0,0.0,0.0,0.0,0.0,22.47,,,,,22.47,22.47,0.0,14.99,23.99
File Folders SKU 21,12/10/2022,0.0,0.0,0.0,0.0,0.0,0.0,0.0,0.0,22.47,,,,,22.47,22.47,0.0,14.99,23.99
File Folders SKU 21,12/11/2022,0.0,0.0,0.0,0.0,0.0,0.0,0.0,0.0,22.47,,,,,22.47,22.47,0.0,14.99,23.99
File Folders SKU 21,12/12/2022,0.0,0.0,0.0,0.0,0.0,0.0,0.0,0.0,22.47,,,,,22.47,22.47,0.0,14.99,23.99
File Folders SKU 21,12/13/2022,0.0,0.0,0.0,0.0,0.0,0.0,0.0,0.0,22.47,,,,,22.47,22.47,0.0,14.99,23.99
File Folders SKU 21,12/14/2022,0.0,0.0,0.0,0.0,0.0,0.0,0.0,0.0,22.47,,,,,22.47,22.47,0.0,14.99,23.99
File Folders SKU 21,12/15/2022,0.0,0.0,0.0,0.0,0.0,0.0,0.0,0.0,22.47,,,,,22.47,22.47,0.0,14.99,23.99
File Folders SKU 21,12/16/2022,0.0,0.0,0.0,0.0,0.0,0.0,0.0,0.0,22.47,,,,,22.47,22.47,0.0,14.99,23.99
File Folders SKU 21,12/17/2022,0.0,0.0,0.0,0.0,0.0,0.0,0.0,0.0,22.47,,,,,22.47,22.47,0.0,14.99,23.99
File Folders SKU 21,12/18/2022,0.0,0.0,0.0,0.0,0.0,0.0,0.0,0.0,22.47,,,,,22.47,22.47,0.0,14.99,23.99
File Folders SKU 21,12/19/2022,0.0,0.0,0.0,0.0,0.0,0.0,0.0,0.0,22.47,,,,,22.47,22.47,0.0,14.99,23.99
File Folders SKU 21,12/20/2022,0.0,0.0,0.0,0.0,0.0,0.0,0.0,0.0,22.47,,,,,22.47,22.47,0.0,14.99,23.99
File Folders SKU 21,12/21/2022,0.0,0.0,0.0,0.0,0.0,0.0,0.0,0.0,22.47,,,,,22.47,22.47,0.0,14.99,23.99
File Folders SKU 21,12/22/2022,0.0,0.0,0.0,0.0,0.0,0.0,0.0,0.0,22.47,,,,,22.47,22.47,0.0,14.99,23.99
File Folders SKU 21,12/23/2022,0.0,0.0,0.0,0.0,0.0,0.0,0.0,0.0,22.47,,,,,22.47,22.47,0.0,14.99,23.99
File Folders SKU 21,12/24/2022,0.0,0.0,0.0,0.0,0.0,0.0,0.0,0.0,22.47,,,,,22.47,22.47,0.0,14.99,23.99
File Folders SKU 21,12/25/2022,0.0,0.0,0.0,0.0,0.0,0.0,0.0,0.0,22.47,,,,,22.47,22.47,0.0,14.99,23.99
File Folders SKU 21,12/26/2022,0.0,0.0,0.0,0.0,0.0,0.0,0.0,0.0,22.47,,,,,22.47,22.47,0.0,14.99,23.99
File Folders SKU 21,12/27/2022,0.0,0.0,0.0,0.0,0.0,0.0,0.0,0.0,22.47,,,,,22.47,22.47,0.0,14.99,23.99
File Folders SKU 21,12/28/2022,0.0,0.0,0.0,0.0,0.0,0.0,0.0,0.0,22.47,,,,,22.47,22.47,0.0,14.99,23.99
File Folders SKU 21,12/29/2022,0.0,0.0,0.0,0.0,0.0,0.0,0.0,0.0,22.47,,,,,22.47,22.47,0.0,14.99,23.99
File Folders SKU 21,12/30/2022,0.0,0.0,0.0,0.0,0.0,0.0,0.0,0.0,22.47,,,,,22.47,22.47,0.0,14.99,23.99
File Folders SKU 21,12/31/2022,0.0,0.0,0.0,0.0,0.0,0.0,0.0,0.0,22.47,,,,,22.47,22.47,0.0,14.99,23.99
File Folders SKU 21,1/1/2023,0.0,0.0,0.0,0.0,0.0,0.0,0.0,0.0,22.47,,,,,22.47,22.47,0.0,14.99,23.99
File Folders SKU 21,1/2/2023,0.0,0.0,0.0,0.0,0.0,0.0,0.0,0.0,22.47,,,,,22.47,22.47,0.0,14.99,23.99
File Folders SKU 21,1/3/2023,18.99,1.0,19.0,4.0,7.0,3.0,3.0,2.0,22.47,,,,,22.47,22.47,0.0,14.99,23.99
File Folders SKU 21,1/4/2023,18.89,4.0,76.0,18.0,26.0,11.0,12.0,9.0,22.47,,,,,22.47,22.47,0.0,14.99,23.99
File Folders SKU 21,1/5/2023,18.79,4.0,75.0,18.0,26.0,11.0,13.0,7.0,22.47,,,,,22.47,22.47,0.0,14.99,23.99
File Folders SKU 21,1/6/2023,18.89,11.0,208.0,49.0,73.0,31.0,9.0,46.0,22.47,,,,,22.47,22.47,0.0,14.99,23.99
File Folders SKU 21,1/8/2023,18.99,6.0,114.0,27.0,40.0,17.0,4.0,26.0,22.47,,,,,22.47,22.47,0.0,14.99,23.99
File Folders SKU 21,1/9/2023,18.79,6.0,113.0,27.0,40.0,17.0,8.0,21.0,22.47,,,,,22.47,22.47,0.0,14.99,23.99
File Folders SKU 21,1/10/2023,18.99,4.0,76.0,18.0,26.0,11.0,9.0,12.0,22.47,,,,,22.47,22.47,0.0,14.99,23.99
File Folders SKU 21,1/11/2023,18.89,7.0,132.0,31.0,46.0,20.0,6.0,29.0,22.47,,,,,22.47,22.47,0.0,14.99,23.99
File Folders SKU 21,1/12/2023,18.79,9.0,169.0,40.0,59.0,25.0,8.0,37.0,22.47,,,,,22.47,22.47,0.0,14.99,23.99
File Folders SKU 21,1/13/2023,18.79,14.0,263.0,62.0,92.0,39.0,9.0,61.0,25.13,,,,,25.13,25.13,0.0,14.99,23.99
File Folders SKU 21,1/14/2023,18.99,7.0,133.0,31.0,46.0,20.0,7.0,29.0,25.13,,,,,25.13,25.13,0.0,14.99,23.99
File Folders SKU 21,1/15/2023,18.89,3.0,57.0,13.0,20.0,9.0,4.0,11.0,25.13,,,,,25.13,25.13,151.0,14.99,23.99
File Folders SKU 21,1/16/2023,18.89,9.0,170.0,40.0,59.0,26.0,15.0,30.0,25.13,,,,,25.13,25.13,150.0,14.99,23.99
File Folders SKU 21,1/17/2023,18.79,15.0,282.0,67.0,99.0,42.0,11.0,63.0,25.13,,,,,25.13,25.13,149.0,14.99,23.99
File Folders SKU 21,1/18/2023,18.79,33.0,620.0,147.0,218.0,93.0,12.0,150.0,25.13,,,,,25.13,25.13,294.0,14.99,23.99
File Folders SKU 21,1/19/2023,18.79,8.0,150.0,36.0,53.0,22.0,11.0,28.0,25.13,,,,,25.13,25.13,282.0,14.99,23.99
File Folders SKU 21,1/20/2023,18.89,11.0,208.0,49.0,73.0,31.0,13.0,42.0,23.01,,,,,23.01,23.01,269.0,14.99,23.99
File Folders SKU 21,1/21/2023,18.99,11.0,209.0,49.0,73.0,31.0,22.0,34.0,23.01,,,,,23.01,23.01,241.0,14.99,23.99
File Folders SKU 21,1/22/2023,18.99,11.0,209.0,49.0,73.0,31.0,15.0,41.0,23.01,,,,,23.01,23.01,226.0,14.99,23.99
File Folders SKU 21,1/23/2023,18.99,18.0,342.0,80.0,119.0,51.0,19.0,73.0,23.01,,,,,23.01,23.01,201.0,14.99,23.99
File Folders SKU 21,1/24/2023,18.89,24.0,453.0,107.0,158.0,68.0,15.0,105.0,23.01,,,,,23.01,23.01,193.0,14.99,23.99
File Folders SKU 21,1/25/2023,18.79,18.0,338.0,80.0,119.0,51.0,19.0,69.0,23.01,,,,,23.01,23.01,167.0,14.99,23.99
File Folders SKU 21,1/26/2023,18.39,42.0,772.0,186.0,277.0,116.0,28.0,165.0,23.01,,,,,23.01,23.01,141.0,14.99,23.99
File Folders SKU 21,1/27/2023,18.89,17.0,321.0,75.0,112.0,48.0,16.0,70.0,26.06,,,,,26.06,26.06,103.0,14.99,23.99
File Folders SKU 21,1/28/2023,18.99,12.0,228.0,53.0,79.0,34.0,24.0,38.0,26.06,,,,,26.06,26.06,322.0,14.99,23.99
File Folders SKU 21,1/29/2023,18.99,5.0,95.0,22.0,33.0,14.0,16.0,10.0,26.06,,,,,26.06,26.06,306.0,14.99,23.99
File Folders SKU 21,1/30/2023,18.99,17.0,323.0,75.0,112.0,48.0,25.0,63.0,26.06,,,,,26.06,26.06,282.0,14.99,23.99
File Folders SKU 21,1/31/2023,18.89,23.0,434.0,102.0,152.0,65.0,29.0,86.0,26.06,,,,,26.06,26.06,270.0,14.99,23.99
File Folders SKU 21,2/1/2023,18.79,21.0,395.0,93.0,139.0,59.0,22.0,82.0,26.06,,,,,26.06,26.06,267.0,14.99,23.99
File Folders SKU 21,2/2/2023,18.79,21.0,395.0,93.0,139.0,59.0,23.0,81.0,26.06,,,,,26.06,26.06,259.0,14.99,23.99
File Folders SKU 21,2/3/2023,18.79,21.0,395.0,93.0,139.0,59.0,20.0,84.0,28.13,,,,,28.13,28.13,248.0,14.99,23.99
File Folders SKU 21,2/4/2023,18.79,21.0,395.0,93.0,139.0,59.0,22.0,82.0,28.13,,,,,28.13,28.13,247.0,14.99,23.99
File Folders SKU 21,2/5/2023,18.79,21.0,395.0,93.0,139.0,59.0,21.0,83.0,28.13,,,,,28.13,28.13,485.0,14.99,23.99
File Folders SKU 21,2/6/2023,18.79,21.0,395.0,93.0,139.0,59.0,25.0,79.0,28.13,,,,,28.13,28.13,484.0,14.99,23.99
File Folders SKU 21,2/7/2023,18.69,37.0,692.0,164.0,244.0,104.0,16.0,164.0,28.13,,,,,28.13,28.13,438.0,14.99,23.99
File Folders SKU 21,2/8/2023,18.29,37.0,677.0,164.0,244.0,102.0,16.0,151.0,28.13,,,,,28.13,28.13,248.0,14.99,23.99
File Folders SKU 21,2/9/2023,18.89,32.0,604.0,142.0,211.0,91.0,20.0,140.0,28.13,,,,,28.13,28.13,341.0,14.99,23.99
File Folders SKU 21,2/10/2023,18.89,16.0,302.0,71.0,106.0,45.0,11.0,69.0,28.41,,,,,28.41,28.41,301.0,14.99,23.99
File Folders SKU 21,2/11/2023,18.99,19.0,361.0,84.0,125.0,54.0,12.0,86.0,28.41,,,,,28.41,28.41,386.0,14.99,23.99
File Folders SKU 21,2/12/2023,18.99,20.0,380.0,89.0,132.0,57.0,13.0,89.0,28.41,,,,,28.41,28.41,365.0,14.99,23.99
File Folders SKU 21,2/13/2023,18.89,31.0,586.0,138.0,205.0,88.0,17.0,138.0,28.41,,,,,28.41,28.41,345.0,14.99,23.99
File Folders SKU 21,2/14/2023,18.89,27.0,510.0,120.0,178.0,76.0,14.0,122.0,28.41,,,,,28.41,28.41,318.0,14.99,23.99
File Folders SKU 21,2/15/2023,18.69,40.0,748.0,178.0,264.0,112.0,23.0,171.0,28.41,,,,,28.41,28.41,299.0,14.99,23.99
File Folders SKU 21,2/16/2023,18.19,25.0,455.0,111.0,165.0,68.0,15.0,96.0,28.41,,,,,28.41,28.41,299.0,14.99,23.99
File Folders SKU 21,2/17/2023,18.89,21.0,397.0,93.0,139.0,60.0,14.0,91.0,25.99,,,,,25.99,25.99,299.0,14.99,23.99
File Folders SKU 21,2/18/2023,18.99,15.0,285.0,67.0,99.0,43.0,15.0,61.0,25.99,,,,,25.99,25.99,299.0,14.99,23.99
File Folders SKU 21,2/19/2023,18.99,15.0,285.0,67.0,99.0,43.0,17.0,59.0,25.99,,,,,25.99,25.99,200.0,14.99,23.99
File Folders SKU 21,2/20/2023,18.69,34.0,635.0,151.0,224.0,95.0,13.0,152.0,25.99,,,,,25.99,25.99,200.0,14.99,23.99
File Folders SKU 21,2/21/2023,18.89,31.0,586.0,138.0,205.0,88.0,13.0,142.0,25.99,,,,,25.99,25.99,200.0,14.99,23.99
File Folders SKU 21,2/22/2023,18.99,20.0,380.0,89.0,132.0,57.0,16.0,86.0,25.99,,,,,25.99,25.99,200.0,14.99,23.99
File Folders SKU 21,2/23/2023,18.99,22.0,418.0,98.0,145.0,63.0,20.0,92.0,25.99,,,,,25.99,25.99,200.0,14.99,23.99
File Folders SKU 21,2/24/2023,18.99,6.0,114.0,27.0,40.0,17.0,24.0,6.0,25.99,,,,,25.99,25.99,200.0,14.99,23.99
File Folders SKU 21,2/25/2023,18.99,4.0,76.0,18.0,26.0,11.0,24.0,-3.0,25.99,,,,,25.99,25.99,26.0,14.99,23.99
File Folders SKU 21,2/26/2023,18.99,16.0,304.0,71.0,106.0,46.0,25.0,56.0,25.99,,,,,25.99,25.99,26.0,14.99,23.99
File Folders SKU 21,2/27/2023,17.99,21.0,378.0,93.0,139.0,57.0,31.0,58.0,25.99,,,,,25.99,25.99,701.0,14.99,23.99
File Folders SKU 21,2/28/2023,18.99,24.0,456.0,107.0,158.0,68.0,26.0,97.0,25.99,,,,,25.99,25.99,695.0,14.99,23.99
File Folders SKU 21,3/1/2023,18.89,33.0,623.0,147.0,218.0,93.0,29.0,136.0,25.99,,,,,25.99,25.99,676.0,14.99,23.99
File Folders SKU 21,3/2/2023,18.89,20.0,378.0,89.0,132.0,57.0,25.0,75.0,25.99,,,,,25.99,25.99,649.0,14.99,23.99
File Folders SKU 21,3/3/2023,18.89,18.0,340.0,80.0,119.0,51.0,19.0,71.0,23.06,,,,,23.06,23.06,625.0,14.99,23.99
File Folders SKU 21,3/4/2023,18.99,17.0,323.0,75.0,112.0,48.0,8.0,80.0,23.06,,,,,23.06,23.06,596.0,14.99,23.99
File Folders SKU 21,3/5/2023,18.99,11.0,209.0,49.0,73.0,31.0,10.0,46.0,23.06,,,,,23.06,23.06,588.0,14.99,23.99
File Folders SKU 21,3/6/2023,18.79,26.0,489.0,115.0,172.0,73.0,14.0,115.0,23.06,,,,,23.06,23.06,1178.0,14.99,23.99
File Folders SKU 21,3/7/2023,18.89,22.0,416.0,98.0,145.0,62.0,24.0,87.0,23.06,,,,,23.06,23.06,1166.0,14.99,23.99
File Folders SKU 21,3/8/2023,18.89,16.0,302.0,71.0,106.0,45.0,22.0,58.0,23.06,,,,,23.06,23.06,1154.0,14.99,23.99
File Folders SKU 21,3/9/2023,18.89,27.0,510.0,120.0,178.0,76.0,24.0,112.0,23.06,,,,,23.06,23.06,1136.0,14.99,23.99
File Folders SKU 21,3/10/2023,18.99,22.0,418.0,98.0,145.0,63.0,21.0,91.0,22.84,,,,,22.84,22.84,1113.0,14.99,23.99
File Folders SKU 21,3/11/2023,18.99,16.0,304.0,71.0,106.0,46.0,19.0,62.0,22.84,,,,,22.84,22.84,1096.0,14.99,23.99
File Folders SKU 21,3/12/2023,18.99,11.0,209.0,49.0,73.0,31.0,24.0,32.0,22.84,,,,,22.84,22.84,1079.0,14.99,23.99
File Folders SKU 21,3/13/2023,18.89,23.0,434.0,102.0,152.0,65.0,23.0,92.0,22.84,,,,,22.84,22.84,1053.0,14.99,23.99
File Folders SKU 21,3/14/2023,18.89,18.0,340.0,80.0,119.0,51.0,16.0,74.0,22.84,,,,,22.84,22.84,1021.0,14.99,23.99
File Folders SKU 21,3/15/2023,18.79,27.0,507.0,120.0,178.0,76.0,24.0,109.0,22.84,,,,,22.84,22.84,987.0,14.99,23.99
File Folders SKU 21,3/16/2023,18.79,19.0,357.0,84.0,125.0,54.0,17.0,77.0,22.84,,,,,22.84,22.84,960.0,14.99,23.99
File Folders SKU 21,3/17/2023,18.69,12.0,224.0,53.0,79.0,34.0,18.0,40.0,23.31,,,,,23.31,23.31,943.0,14.99,23.99
File Folders SKU 21,3/18/2023,18.89,6.0,113.0,27.0,40.0,17.0,15.0,14.0,23.31,,,,,23.31,23.31,924.0,14.99,23.99
File Folders SKU 21,3/19/2023,18.99,10.0,190.0,44.0,66.0,28.0,21.0,31.0,23.31,,,,,23.31,23.31,920.0,14.99,23.99
File Folders SKU 21,3/20/2023,18.79,21.0,395.0,93.0,139.0,59.0,19.0,85.0,23.31,,,,,23.31,23.31,902.0,14.99,23.99
File Folders SKU 21,3/21/2023,18.89,14.0,264.0,62.0,92.0,40.0,21.0,49.0,23.31,,,,,23.31,23.31,882.0,14.99,23.99
File Folders SKU 21,3/22/2023,18.89,18.0,340.0,80.0,119.0,51.0,15.0,75.0,23.31,,,,,23.31,23.31,862.0,14.99,23.99
File Folders SKU 21,3/23/2023,18.79,12.0,225.0,53.0,79.0,34.0,17.0,42.0,23.31,,,,,23.31,23.31,858.0,14.99,23.99
File Folders SKU 21,3/24/2023,18.89,20.0,378.0,89.0,132.0,57.0,15.0,85.0,27.87,,,,,27.87,27.87,840.0,14.99,23.99
File Folders SKU 21,3/25/2023,18.99,14.0,266.0,62.0,92.0,40.0,5.0,67.0,27.87,,,,,27.87,27.87,831.0,14.99,23.99
File Folders SKU 21,3/26/2023,18.99,5.0,95.0,22.0,33.0,14.0,15.0,11.0,27.87,,,,,27.87,27.87,822.0,14.99,23.99
File Folders SKU 21,3/27/2023,18.89,10.0,189.0,44.0,66.0,28.0,4.0,47.0,27.87,,,,,27.87,27.87,811.0,14.99,23.99
File Folders SKU 21,3/28/2023,18.89,23.0,434.0,102.0,152.0,65.0,8.0,107.0,27.87,,,,,27.87,27.87,793.0,14.99,23.99
File Folders SKU 21,3/29/2023,18.69,15.0,280.0,67.0,99.0,42.0,15.0,57.0,27.87,,,,,27.87,27.87,779.0,14.99,23.99
File Folders SKU 21,3/30/2023,18.99,24.0,456.0,107.0,158.0,68.0,9.0,114.0,27.87,,,,,27.87,27.87,766.0,14.99,23.99
File Folders SKU 21,3/31/2023,15.79,12.0,189.0,53.0,79.0,28.0,8.0,21.0,27.87,,,,,27.87,27.87,748.0,14.99,23.99
File Folders SKU 21,4/1/2023,18.89,6.0,113.0,27.0,40.0,17.0,6.0,23.0,27.87,,,,,27.87,27.87,732.0,14.99,23.99
File Folders SKU 21,4/2/2023,18.69,7.0,131.0,31.0,46.0,20.0,10.0,24.0,27.87,,,,,27.87,27.87,725.0,14.99,23.99
File Folders SKU 21,4/3/2023,18.89,17.0,321.0,75.0,112.0,48.0,11.0,75.0,27.87,,,,,27.87,27.87,719.0,14.99,23.99
File Folders SKU 21,4/4/2023,18.79,18.0,338.0,80.0,119.0,51.0,12.0,76.0,27.87,,,,,27.87,27.87,700.0,14.99,23.99
File Folders SKU 21,4/5/2023,18.89,14.0,264.0,62.0,92.0,40.0,11.0,59.0,27.87,,,,,27.87,27.87,690.0,14.99,23.99
File Folders SKU 21,4/6/2023,18.89,13.0,246.0,58.0,86.0,37.0,12.0,53.0,27.87,,,,,27.87,27.87,671.0,14.99,23.99
File Folders SKU 21,4/7/2023,18.69,16.0,299.0,71.0,106.0,45.0,10.0,67.0,23.92,,,,,23.92,23.92,659.0,14.99,23.99
File Folders SKU 21,4/8/2023,18.99,9.0,171.0,40.0,59.0,26.0,4.0,42.0,23.92,,,,,23.92,23.92,641.0,14.99,23.99
File Folders SKU 21,4/9/2023,18.89,8.0,151.0,36.0,53.0,23.0,6.0,33.0,23.92,,,,,23.92,23.92,623.0,14.99,23.99
File Folders SKU 21,4/10/2023,18.89,17.0,321.0,75.0,112.0,48.0,6.0,80.0,23.92,,,,,23.92,23.92,610.0,14.99,23.99
File Folders SKU 21,4/11/2023,18.59,25.0,465.0,111.0,165.0,70.0,7.0,112.0,23.92,,,,,23.92,23.92,602.0,14.99,23.99
File Folders SKU 21,4/12/2023,18.79,20.0,376.0,89.0,132.0,56.0,9.0,90.0,23.92,,,,,23.92,23.92,584.0,14.99,23.99
File Folders SKU 21,4/13/2023,18.99,9.0,171.0,40.0,59.0,26.0,5.0,41.0,23.92,,,,,23.92,23.92,557.0,14.99,23.99
File Folders SKU 21,4/14/2023,18.89,13.0,246.0,58.0,86.0,37.0,8.0,57.0,23.92,,,,,23.92,23.92,544.0,14.99,23.99
File Folders SKU 21,4/15/2023,18.89,6.0,113.0,27.0,40.0,17.0,7.0,22.0,23.92,,,,,23.92,23.92,534.0,14.99,23.99
File Folders SKU 21,4/16/2023,15.19,10.0,152.0,44.0,66.0,23.0,5.0,14.0,23.92,,,,,23.92,23.92,526.0,14.99,23.99
File Folders SKU 21,4/17/2023,18.89,18.0,340.0,80.0,119.0,51.0,11.0,79.0,23.92,,,,,23.92,23.92,517.0,14.99,23.99
File Folders SKU 21,4/18/2023,18.59,21.0,390.0,93.0,139.0,58.0,15.0,85.0,23.92,,,,,23.92,23.92,505.0,14.99,23.99
File Folders SKU 21,4/19/2023,18.89,18.0,340.0,80.0,119.0,51.0,4.0,86.0,23.92,,,,,23.92,23.92,461.0,14.99,23.99
File Folders SKU 21,4/20/2023,18.99,30.0,570.0,133.0,198.0,86.0,15.0,138.0,23.92,,,,,23.92,23.92,432.0,14.99,23.99
File Folders SKU 21,4/21/2023,18.79,8.0,150.0,36.0,53.0,22.0,10.0,29.0,23.92,,,,,23.92,23.92,413.0,14.99,23.99
File Folders SKU 21,4/22/2023,18.99,5.0,95.0,22.0,33.0,14.0,6.0,20.0,23.92,,,,,23.92,23.92,381.0,14.99,23.99
File Folders SKU 21,4/23/2023,18.99,9.0,171.0,40.0,59.0,26.0,4.0,42.0,23.92,,,,,23.92,23.92,379.0,14.99,23.99
File Folders SKU 21,4/24/2023,18.89,31.0,586.0,138.0,205.0,88.0,12.0,143.0,23.92,,,,,23.92,23.92,367.0,14.99,23.99
File Folders SKU 21,4/25/2023,18.89,27.0,510.0,120.0,178.0,76.0,16.0,120.0,23.92,,,,,23.92,23.92,359.0,14.99,23.99
File Folders SKU 21,4/26/2023,18.79,18.0,338.0,80.0,119.0,51.0,14.0,74.0,23.92,,,,,23.92,23.92,334.0,14.99,23.99
File Folders SKU 21,4/27/2023,18.79,10.0,188.0,44.0,66.0,28.0,12.0,38.0,23.92,,,,,23.92,23.92,318.0,14.99,23.99
File Folders SKU 21,4/28/2023,18.39,46.0,846.0,204.0,304.0,127.0,13.0,198.0,25.99,,,,,25.99,25.99,301.0,14.99,23.99
File Folders SKU 21,4/29/2023,18.99,6.0,114.0,27.0,40.0,17.0,12.0,18.0,25.99,,,,,25.99,25.99,277.0,14.99,23.99
File Folders SKU 21,4/30/2023,18.99,9.0,171.0,40.0,59.0,26.0,4.0,42.0,25.99,,,,,25.99,25.99,265.0,14.99,23.99
File Folders SKU 21,5/1/2023,18.89,17.0,321.0,75.0,112.0,48.0,11.0,75.0,25.99,,,,,25.99,25.99,245.0,14.99,23.99
File Folders SKU 21,5/2/2023,18.89,11.0,208.0,49.0,73.0,31.0,10.0,45.0,25.99,,,,,25.99,25.99,235.0,14.99,23.99
File Folders SKU 21,5/3/2023,18.89,18.0,340.0,80.0,119.0,51.0,15.0,75.0,25.99,,,,,25.99,25.99,216.0,14.99,23.99
File Folders SKU 21,5/4/2023,18.79,18.0,338.0,80.0,119.0,51.0,10.0,78.0,25.99,,,,,25.99,25.99,207.0,14.99,23.99
File Folders SKU 21,5/5/2023,18.79,12.0,225.0,53.0,79.0,34.0,8.0,51.0,25.99,,,,,25.99,25.99,187.0,14.99,23.99
File Folders SKU 21,5/6/2023,18.69,7.0,131.0,31.0,46.0,20.0,4.0,30.0,25.99,,,,,25.99,25.99,174.0,14.99,23.99
File Folders SKU 21,5/7/2023,18.99,4.0,76.0,18.0,26.0,11.0,7.0,14.0,25.99,,,,,25.99,25.99,170.0,14.99,23.99
File Folders SKU 21,5/8/2023,18.79,26.0,489.0,115.0,172.0,73.0,11.0,118.0,25.99,,,,,25.99,25.99,156.0,14.99,23.99
File Folders SKU 21,5/9/2023,18.89,9.0,170.0,40.0,59.0,26.0,8.0,37.0,25.99,,,,,25.99,25.99,145.0,14.99,23.99
File Folders SKU 21,5/10/2023,18.89,19.0,359.0,84.0,125.0,54.0,13.0,83.0,25.99,,,,,25.99,25.99,130.0,14.99,23.99
File Folders SKU 21,5/11/2023,18.89,15.0,283.0,67.0,99.0,42.0,12.0,63.0,25.99,,,,,25.99,25.99,117.0,14.99,23.99
File Folders SKU 21,5/12/2023,18.79,19.0,357.0,84.0,125.0,54.0,10.0,84.0,25.99,,,,,25.99,25.99,97.0,14.99,23.99
File Folders SKU 21,5/13/2023,18.69,7.0,131.0,31.0,46.0,20.0,3.0,31.0,25.99,,,,,25.99,25.99,82.0,14.99,23.99
File Folders SKU 21,5/14/2023,18.89,6.0,113.0,27.0,40.0,17.0,7.0,22.0,25.99,,,,,25.99,25.99,69.0,14.99,23.99
File Folders SKU 21,5/15/2023,18.89,24.0,453.0,107.0,158.0,68.0,8.0,112.0,25.99,,,,,25.99,25.99,55.0,14.99,23.99
File Folders SKU 21,5/16/2023,17.89,20.0,358.0,89.0,132.0,54.0,6.0,77.0,25.99,,,,,25.99,25.99,47.0,14.99,23.99
File Folders SKU 21,5/17/2023,17.99,2.0,36.0,9.0,13.0,5.0,3.0,6.0,25.99,,,,,25.99,25.99,26.0,14.99,23.99
File Folders SKU 21,5/18/2023,17.99,5.0,90.0,22.0,33.0,14.0,21.0,0.0,25.99,,,,,25.99,25.99,11.0,14.99,23.99
File Folders SKU 21,5/19/2023,18.99,18.0,342.0,80.0,119.0,51.0,18.0,74.0,25.99,,,,,25.99,25.99,10.0,14.99,23.99
File Folders SKU 21,5/20/2023,0.0,0.0,0.0,0.0,0.0,0.0,7.0,-7.0,25.99,,,,,25.99,25.99,10.0,14.99,23.99
File Folders SKU 21,5/21/2023,0.0,0.0,0.0,0.0,0.0,0.0,7.0,-7.0,25.99,,,,,25.99,25.99,11.0,14.99,23.99
File Folders SKU 21,5/22/2023,18.79,6.0,113.0,27.0,40.0,17.0,11.0,18.0,25.99,,,,,25.99,25.99,11.0,14.99,23.99
File Folders SKU 21,5/23/2023,18.89,7.0,132.0,31.0,46.0,20.0,9.0,26.0,25.99,,,,,25.99,25.99,1.0,14.99,23.99
File Folders SKU 21,5/24/2023,18.59,3.0,56.0,13.0,20.0,8.0,6.0,9.0,25.99,,,,,25.99,25.99,1.0,14.99,23.99
File Folders SKU 21,5/25/2023,18.79,6.0,113.0,27.0,40.0,17.0,12.0,17.0,25.99,,,,,25.99,25.99,0.0,14.99,23.99
File Folders SKU 21,5/26/2023,18.69,6.0,112.0,27.0,40.0,17.0,4.0,24.0,25.99,,,,,25.99,25.99,0.0,14.99,23.99
File Folders SKU 21,5/27/2023,17.59,2.0,35.0,9.0,13.0,5.0,8.0,0.0,25.99,,,,,25.99,25.99,0.0,14.99,23.99
File Folders SKU 21,5/28/2023,18.79,2.0,38.0,9.0,13.0,6.0,8.0,2.0,25.99,,,,,25.99,25.99,0.0,14.99,23.99
File Folders SKU 21,5/29/2023,18.99,4.0,76.0,18.0,26.0,11.0,8.0,13.0,25.99,,,,,25.99,25.99,0.0,14.99,23.99
File Folders SKU 21,5/30/2023,18.89,13.0,246.0,58.0,86.0,37.0,8.0,57.0,25.99,,,,,25.99,25.99,0.0,14.99,23.99
File Folders SKU 21,5/31/2023,18.89,6.0,113.0,27.0,40.0,17.0,16.0,13.0,25.99,,,,,25.99,25.99,0.0,14.99,23.99
File Folders SKU 21,6/1/2023,18.69,7.0,131.0,31.0,46.0,20.0,12.0,22.0,25.99,,,,,25.99,25.99,0.0,14.99,23.99
File Folders SKU 21,6/2/2023,17.29,3.0,52.0,13.0,20.0,8.0,1.0,10.0,26.82,,,,,26.82,26.82,0.0,14.99,23.99
File Folders SKU 21,6/3/2023,17.09,1.0,17.0,4.0,7.0,3.0,0.0,3.0,26.82,,,,,26.82,26.82,0.0,14.99,23.99
File Folders SKU 21,6/4/2023,0.0,0.0,0.0,0.0,0.0,0.0,0.0,0.0,26.82,,,,,26.82,26.82,0.0,14.99,23.99
File Folders SKU 21,6/5/2023,0.0,0.0,0.0,0.0,0.0,0.0,0.0,0.0,26.82,,,,,26.82,26.82,0.0,14.99,23.99
File Folders SKU 21,6/6/2023,18.99,4.0,76.0,18.0,26.0,11.0,6.0,15.0,26.82,,,,,26.82,26.82,0.0,14.99,23.99
File Folders SKU 21,6/7/2023,18.39,12.0,221.0,53.0,79.0,33.0,16.0,40.0,26.82,,,,,26.82,26.82,0.0,14.99,23.99
File Folders SKU 21,6/8/2023,18.89,6.0,113.0,27.0,40.0,17.0,8.0,21.0,26.82,,,,,26.82,26.82,0.0,14.99,23.99
File Folders SKU 21,6/9/2023,18.69,3.0,56.0,13.0,20.0,8.0,11.0,4.0,23.02,,,,,23.02,23.02,0.0,14.99,23.99
File Folders SKU 21,6/10/2023,0.0,0.0,0.0,0.0,0.0,0.0,6.0,-6.0,23.02,,,,,23.02,23.02,0.0,14.99,23.99
File Folders SKU 21,6/11/2023,18.99,1.0,19.0,4.0,7.0,3.0,7.0,-2.0,23.02,,,,,23.02,23.02,0.0,14.99,23.99
File Folders SKU 21,6/12/2023,18.69,9.0,168.0,40.0,59.0,25.0,5.0,39.0,23.02,,,,,23.02,23.02,0.0,14.99,23.99
File Folders SKU 21,6/13/2023,18.19,13.0,236.0,58.0,86.0,35.0,11.0,46.0,23.02,,,,,23.02,23.02,0.0,14.99,23.99
File Folders SKU 21,6/14/2023,18.69,6.0,112.0,27.0,40.0,17.0,7.0,21.0,23.02,,,,,23.02,23.02,0.0,14.99,23.99
File Folders SKU 21,6/15/2023,18.69,8.0,150.0,36.0,53.0,22.0,5.0,34.0,23.02,,,,,23.02,23.02,0.0,14.99,23.99
File Folders SKU 21,6/16/2023,0.0,0.0,0.0,0.0,0.0,0.0,6.0,-6.0,22.47,,,,,22.47,22.47,0.0,14.99,23.99
File Folders SKU 21,6/17/2023,0.0,0.0,0.0,0.0,0.0,0.0,0.0,0.0,22.47,,,,,22.47,22.47,1.0,14.99,23.99
File Folders SKU 21,6/18/2023,0.0,0.0,0.0,0.0,0.0,0.0,1.0,-1.0,22.47,,,,,22.47,22.47,0.0,14.99,23.99
File Folders SKU 21,6/19/2023,18.79,4.0,75.0,18.0,26.0,11.0,12.0,8.0,22.47,,,,,22.47,22.47,0.0,14.99,23.99
File Folders SKU 21,6/20/2023,18.89,6.0,113.0,27.0,40.0,17.0,8.0,21.0,22.47,,,,,22.47,22.47,0.0,14.99,23.99
File Folders SKU 21,6/21/2023,18.79,8.0,150.0,36.0,53.0,22.0,11.0,28.0,22.47,,,,,22.47,22.47,0.0,14.99,23.99
File Folders SKU 21,6/22/2023,18.89,4.0,76.0,18.0,26.0,11.0,5.0,16.0,22.47,,,,,22.47,22.47,0.0,14.99,23.99
File Folders SKU 21,6/23/2023,18.69,8.0,150.0,36.0,53.0,22.0,5.0,34.0,22.47,,,,,22.47,22.47,0.0,14.99,23.99
File Folders SKU 21,6/24/2023,18.59,1.0,19.0,4.0,7.0,3.0,4.0,1.0,22.47,,,,,22.47,22.47,0.0,14.99,23.99
File Folders SKU 21,6/25/2023,0.0,0.0,0.0,0.0,0.0,0.0,7.0,-7.0,22.47,,,,,22.47,22.47,0.0,14.99,23.99
File Folders SKU 21,6/26/2023,18.59,2.0,37.0,9.0,13.0,6.0,8.0,1.0,22.47,,,,,22.47,22.47,0.0,14.99,23.99
File Folders SKU 21,6/27/2023,18.99,4.0,76.0,18.0,26.0,11.0,10.0,11.0,22.47,,,,,22.47,22.47,0.0,14.99,23.99
File Folders SKU 21,6/28/2023,18.79,7.0,132.0,31.0,46.0,20.0,8.0,27.0,22.47,,,,,22.47,22.47,0.0,14.99,23.99
File Folders SKU 21,6/29/2023,18.59,4.0,74.0,18.0,26.0,11.0,4.0,15.0,22.47,,,,,22.47,22.47,0.0,14.99,23.99
File Folders SKU 21,6/30/2023,18.89,11.0,208.0,49.0,73.0,31.0,8.0,47.0,28.33,,,,,28.33,28.33,0.0,14.99,23.99
File Folders SKU 21,7/1/2023,0.0,0.0,0.0,0.0,0.0,0.0,9.0,-9.0,28.33,,,,,28.33,28.33,0.0,14.99,23.99
File Folders SKU 21,7/2/2023,0.0,0.0,0.0,0.0,0.0,0.0,1.0,-1.0,28.33,,,,,28.33,28.33,0.0,14.99,23.99
File Folders SKU 21,7/3/2023,0.0,0.0,0.0,0.0,0.0,0.0,0.0,0.0,28.33,,,,,28.33,28.33,0.0,14.99,23.99
File Folders SKU 21,7/4/2023,0.0,0.0,0.0,0.0,0.0,0.0,0.0,0.0,28.33,,,,,28.33,28.33,0.0,14.99,23.99
File Folders SKU 21,7/5/2023,18.79,6.0,113.0,27.0,40.0,17.0,4.0,25.0,28.33,,,,,28.33,28.33,0.0,14.99,23.99
File Folders SKU 21,7/6/2023,18.79,4.0,75.0,18.0,26.0,11.0,6.0,14.0,28.33,,,,,28.33,28.33,0.0,14.99,23.99
File Folders SKU 21,7/7/2023,18.89,7.0,132.0,31.0,46.0,20.0,10.0,25.0,23.02,,,,,23.02,23.02,0.0,14.99,23.99
File Folders SKU 21,7/8/2023,0.0,0.0,0.0,0.0,0.0,0.0,0.0,0.0,23.02,,,,,23.02,23.02,0.0,14.99,23.99
File Folders SKU 21,7/9/2023,18.99,3.0,57.0,13.0,20.0,9.0,9.0,6.0,23.02,,,,,23.02,23.02,0.0,14.99,23.99
File Folders SKU 21,7/10/2023,18.59,16.0,297.0,71.0,106.0,45.0,25.0,50.0,23.02,,,,,23.02,23.02,0.0,14.99,23.99
File Folders SKU 21,7/11/2023,18.89,4.0,76.0,18.0,26.0,11.0,14.0,7.0,23.02,,,,,23.02,23.02,0.0,14.99,23.99
File Folders SKU 21,7/12/2023,18.89,10.0,189.0,44.0,66.0,28.0,29.0,22.0,23.02,,,,,23.02,23.02,0.0,14.99,23.99
File Folders SKU 21,7/13/2023,18.79,8.0,150.0,36.0,53.0,22.0,20.0,19.0,23.02,,,,,23.02,23.02,0.0,14.99,23.99
File Folders SKU 21,7/14/2023,18.69,11.0,206.0,49.0,73.0,31.0,4.0,49.0,23.02,,,,,23.02,23.02,0.0,14.99,23.99
File Folders SKU 21,7/15/2023,18.99,1.0,19.0,4.0,7.0,3.0,4.0,1.0,23.02,,,,,23.02,23.02,0.0,14.99,23.99
File Folders SKU 21,7/16/2023,18.99,1.0,19.0,4.0,7.0,3.0,5.0,0.0,23.02,,,,,23.02,23.02,0.0,14.99,23.99
File Folders SKU 21,7/17/2023,18.99,7.0,133.0,31.0,46.0,20.0,12.0,24.0,23.02,,,,,23.02,23.02,0.0,14.99,23.99
File Folders SKU 21,7/18/2023,18.69,21.0,392.0,93.0,139.0,59.0,18.0,83.0,23.02,,,,,23.02,23.02,0.0,14.99,23.99
File Folders SKU 21,7/19/2023,18.79,13.0,244.0,58.0,86.0,37.0,10.0,53.0,23.02,,,,,23.02,23.02,0.0,14.99,23.99
File Folders SKU 21,7/20/2023,18.89,3.0,57.0,13.0,20.0,9.0,12.0,3.0,23.02,,,,,23.02,23.02,0.0,14.99,23.99
File Folders SKU 21,7/21/2023,18.89,19.0,359.0,84.0,125.0,54.0,7.0,89.0,27.14,,,,,27.14,27.14,0.0,14.99,23.99
File Folders SKU 21,7/22/2023,18.99,5.0,95.0,22.0,33.0,14.0,6.0,20.0,27.14,,,,,27.14,27.14,0.0,14.99,23.99
File Folders SKU 21,7/23/2023,18.99,6.0,114.0,27.0,40.0,17.0,6.0,24.0,27.14,,,,,27.14,27.14,780.0,14.99,23.99
File Folders SKU 21,7/24/2023,18.89,12.0,227.0,53.0,79.0,34.0,6.0,55.0,27.14,,,,,27.14,27.14,780.0,14.99,23.99
File Folders SKU 21,7/25/2023,18.89,19.0,359.0,84.0,125.0,54.0,8.0,88.0,27.14,,,,,27.14,27.14,740.0,14.99,23.99
File Folders SKU 21,7/26/2023,18.79,15.0,282.0,67.0,99.0,42.0,10.0,64.0,27.14,,,,,27.14,27.14,724.0,14.99,23.99
File Folders SKU 21,7/27/2023,18.89,9.0,170.0,40.0,59.0,26.0,11.0,34.0,27.14,,,,,27.14,27.14,669.0,14.99,23.99
File Folders SKU 21,7/28/2023,18.79,14.0,263.0,62.0,92.0,39.0,8.0,62.0,23.02,,,,,23.02,23.02,631.0,14.99,23.99
File Folders SKU 21,7/29/2023,18.99,8.0,152.0,36.0,53.0,23.0,2.0,38.0,23.02,,,,,23.02,23.02,1453.0,14.99,23.99
File Folders SKU 21,7/30/2023,18.99,12.0,228.0,53.0,79.0,34.0,14.0,48.0,23.02,,,,,23.02,23.02,1419.0,14.99,23.99
File Folders SKU 21,7/31/2023,18.89,16.0,302.0,71.0,106.0,45.0,6.0,74.0,23.02,,,,,23.02,23.02,1391.0,14.99,23.99
File Folders SKU 21,8/1/2023,18.79,41.0,770.0,182.0,271.0,116.0,8.0,193.0,23.02,,,,,23.02,23.02,1338.0,14.99,23.99
File Folders SKU 21,8/2/2023,18.89,21.0,397.0,93.0,139.0,60.0,12.0,93.0,23.02,,,,,23.02,23.02,1295.0,14.99,23.99
File Folders SKU 21,8/3/2023,18.69,35.0,654.0,155.0,231.0,98.0,12.0,158.0,23.02,,,,,23.02,23.02,1256.0,14.99,23.99
File Folders SKU 21,8/4/2023,18.89,27.0,510.0,120.0,178.0,76.0,10.0,126.0,23.02,,,,,23.02,23.02,1227.0,14.99,23.99
File Folders SKU 21,8/5/2023,18.99,11.0,209.0,49.0,73.0,31.0,5.0,51.0,23.02,,,,,23.02,23.02,1207.0,14.99,23.99
File Folders SKU 21,8/6/2023,18.99,7.0,133.0,31.0,46.0,20.0,4.0,32.0,23.02,,,,,23.02,23.02,1191.0,14.99,23.99
File Folders SKU 21,8/7/2023,18.59,55.0,1022.0,244.0,363.0,153.0,12.0,250.0,23.02,,,,,23.02,23.02,1086.0,14.99,23.99
File Folders SKU 21,8/8/2023,18.89,28.0,529.0,124.0,185.0,79.0,14.0,127.0,23.02,,,,,23.02,23.02,1075.0,14.99,23.99
File Folders SKU 21,8/9/2023,18.89,28.0,529.0,124.0,185.0,79.0,8.0,133.0,23.02,,,,,23.02,23.02,1102.0,14.99,23.99
File Folders SKU 21,8/10/2023,18.89,52.0,982.0,231.0,343.0,147.0,12.0,249.0,23.02,,,,,23.02,23.02,1073.0,14.99,23.99
File Folders SKU 21,8/11/2023,18.89,16.0,302.0,71.0,106.0,45.0,10.0,70.0,21.56,,,,,21.56,21.56,1032.0,14.99,23.99
File Folders SKU 21,8/12/2023,18.99,17.0,323.0,75.0,112.0,48.0,5.0,83.0,21.56,,,,,21.56,21.56,985.0,14.99,23.99
File Folders SKU 21,8/13/2023,18.99,19.0,361.0,84.0,125.0,54.0,9.0,89.0,21.56,,,,,21.56,21.56,979.0,14.99,23.99
File Folders SKU 21,8/14/2023,18.89,30.0,567.0,133.0,198.0,85.0,10.0,141.0,21.56,,,,,21.56,21.56,941.0,14.99,23.99
File Folders SKU 21,8/15/2023,18.89,54.0,1020.0,240.0,356.0,153.0,15.0,256.0,21.56,,,,,21.56,21.56,918.0,14.99,23.99
File Folders SKU 21,8/16/2023,18.89,37.0,699.0,164.0,244.0,105.0,13.0,173.0,21.56,,,,,21.56,21.56,892.0,14.99,23.99
File Folders SKU 21,8/17/2023,18.79,35.0,658.0,155.0,231.0,99.0,14.0,159.0,21.56,,,,,21.56,21.56,850.0,14.99,23.99
File Folders SKU 21,8/18/2023,18.69,21.0,392.0,93.0,139.0,59.0,10.0,91.0,25.84,,,,,25.84,25.84,794.0,14.99,23.99
File Folders SKU 21,8/19/2023,18.99,11.0,209.0,49.0,73.0,31.0,4.0,52.0,25.84,,,,,25.84,25.84,776.0,14.99,23.99
File Folders SKU 21,8/20/2023,18.99,12.0,228.0,53.0,79.0,34.0,5.0,57.0,25.84,,,,,25.84,25.84,756.0,14.99,23.99
File Folders SKU 21,8/21/2023,18.89,28.0,529.0,124.0,185.0,79.0,12.0,129.0,25.84,,,,,25.84,25.84,739.0,14.99,23.99
File Folders SKU 21,8/22/2023,18.79,26.0,489.0,115.0,172.0,73.0,31.0,98.0,25.84,,,,,25.84,25.84,720.0,14.99,23.99
File Folders SKU 21,8/23/2023,18.79,27.0,507.0,120.0,178.0,76.0,36.0,97.0,25.84,,,,,25.84,25.84,688.0,14.99,23.99
File Folders SKU 21,8/24/2023,18.79,26.0,489.0,115.0,172.0,73.0,33.0,96.0,25.84,,,,,25.84,25.84,666.0,14.99,23.99
File Folders SKU 21,8/25/2023,18.89,20.0,378.0,89.0,132.0,57.0,29.0,71.0,22.99,,,,,22.99,22.99,644.0,14.99,23.99
File Folders SKU 21,8/26/2023,18.19,4.0,73.0,18.0,26.0,11.0,28.0,-10.0,22.99,,,,,22.99,22.99,621.0,14.99,23.99
File Folders SKU 21,8/27/2023,18.89,17.0,321.0,75.0,112.0,48.0,30.0,56.0,22.99,,,,,22.99,22.99,610.0,14.99,23.99
File Folders SKU 21,8/28/2023,18.89,29.0,548.0,129.0,191.0,82.0,38.0,108.0,22.99,,,,,22.99,22.99,597.0,14.99,23.99
File Folders SKU 21,8/29/2023,18.79,40.0,752.0,178.0,264.0,113.0,33.0,164.0,22.99,,,,,22.99,22.99,573.0,14.99,23.99
File Folders SKU 21,8/30/2023,18.79,45.0,846.0,200.0,297.0,127.0,38.0,184.0,22.99,,,,,22.99,22.99,551.0,14.99,23.99
File Folders SKU 21,8/31/2023,18.79,28.0,526.0,124.0,185.0,79.0,37.0,101.0,22.99,,,,,22.99,22.99,526.0,14.99,23.99
File Folders SKU 21,9/1/2023,18.69,21.0,392.0,93.0,139.0,59.0,20.0,81.0,22.99,,,,,22.99,22.99,473.0,14.99,23.99
File Folders SKU 21,9/2/2023,18.99,13.0,247.0,58.0,86.0,37.0,19.0,47.0,22.99,,,,,22.99,22.99,445.0,14.99,23.99
File Folders SKU 21,9/3/2023,18.99,5.0,95.0,22.0,33.0,14.0,16.0,10.0,22.99,,,,,22.99,22.99,436.0,14.99,23.99
File Folders SKU 21,9/4/2023,18.99,7.0,133.0,31.0,46.0,20.0,13.0,23.0,22.99,,,,,22.99,22.99,416.0,14.99,23.99
File Folders SKU 21,9/5/2023,18.89,10.0,189.0,44.0,66.0,28.0,15.0,36.0,22.99,,,,,22.99,22.99,403.0,14.99,23.99
File Folders SKU 21,9/6/2023,18.79,22.0,413.0,98.0,145.0,62.0,17.0,91.0,22.99,,,,,22.99,22.99,394.0,14.99,23.99
File Folders SKU 21,9/7/2023,18.49,27.0,499.0,120.0,178.0,75.0,19.0,107.0,22.99,,,,,22.99,22.99,378.0,14.99,23.99
File Folders SKU 21,9/8/2023,18.89,26.0,491.0,115.0,172.0,74.0,19.0,111.0,22.99,,,,,22.99,22.99,358.0,14.99,23.99
File Folders SKU 21,9/9/2023,18.99,11.0,209.0,49.0,73.0,31.0,17.0,39.0,22.99,,,,,22.99,22.99,357.0,14.99,23.99
File Folders SKU 21,9/10/2023,18.99,6.0,114.0,27.0,40.0,17.0,19.0,11.0,22.99,,,,,22.99,22.99,342.0,14.99,23.99
File Folders SKU 21,9/11/2023,18.89,39.0,737.0,173.0,257.0,111.0,17.0,179.0,22.99,,,,,22.99,22.99,322.0,14.99,23.99
File Folders SKU 21,9/12/2023,18.29,19.0,348.0,84.0,125.0,52.0,17.0,70.0,22.99,,,,,22.99,22.99,295.0,14.99,23.99
File Folders SKU 21,9/13/2023,18.29,25.0,457.0,111.0,165.0,69.0,19.0,93.0,22.99,,,,,22.99,22.99,272.0,14.99,23.99
File Folders SKU 21,9/14/2023,18.29,36.0,658.0,160.0,238.0,99.0,18.0,143.0,22.99,,,,,22.99,22.99,246.0,14.99,23.99
File Folders SKU 21,9/15/2023,18.29,11.0,201.0,49.0,73.0,30.0,14.0,35.0,22.99,,,,,22.99,22.99,226.0,14.99,23.99
File Folders SKU 21,9/16/2023,18.29,11.0,201.0,49.0,73.0,30.0,14.0,35.0,22.99,,,,,22.99,22.99,205.0,14.99,23.99
File Folders SKU 21,9/17/2023,18.29,5.0,91.0,22.0,33.0,14.0,12.0,10.0,22.99,,,,,22.99,22.99,194.0,14.99,23.99
File Folders SKU 21,9/18/2023,18.29,18.0,329.0,80.0,119.0,49.0,16.0,65.0,22.99,,,,,22.99,22.99,431.0,14.99,23.99
File Folders SKU 21,9/19/2023,18.49,39.0,721.0,173.0,257.0,108.0,20.0,163.0,22.99,,,,,22.99,22.99,422.0,14.99,23.99
File Folders SKU 21,9/20/2023,18.49,24.0,444.0,107.0,158.0,67.0,0.0,112.0,22.99,,,,,22.99,22.99,470.0,14.99,23.99
File Folders SKU 21,9/21/2023,18.49,27.0,499.0,120.0,178.0,75.0,0.0,126.0,22.99,,,,,22.99,22.99,613.0,14.99,23.99
File Folders SKU 21,9/22/2023,18.49,13.0,240.0,58.0,86.0,36.0,0.0,60.0,22.99,,,,,22.99,22.99,590.0,14.99,23.99
File Folders SKU 21,9/23/2023,18.49,8.0,148.0,36.0,53.0,22.0,0.0,37.0,22.99,,,,,22.99,22.99,581.0,14.99,23.99
